time,open,high,low,close
2022-05-11T17:30:00Z,114.4185,114.4185,113.942,113.942
2022-05-11T17:45:00Z,113.8685,114.076,113.7605,113.7605
2022-05-11T18:00:00Z,113.7445,114.25,113.7445,114.1245
2022-05-11T18:15:00Z,114.2305,114.8915,114.2,114.84225
2022-05-11T18:30:00Z,115.0935,115.095,114.9725,114.9725
2022-05-11T18:45:00Z,115.1075,115.1075,114.68,114.68
2022-05-11T19:00:00Z,114.7515,114.7515,114.5,114.664
2022-05-11T19:15:00Z,114.2165,114.454,114.1005,114.426
2022-05-11T19:30:00Z,114.5475,114.5475,114.0615,114.0615
2022-05-11T19:45:00Z,113.9015,114.0925,113.383,113.6225
2022-05-12T13:30:00Z,111.3015,112.4235,111.26,111.8045
2022-05-12T13:45:00Z,112.204,112.6615,111.6835,111.852
2022-05-12T14:00:00Z,111.5,113.282,111.5,113.0105
2022-05-12T14:15:00Z,112.4105,113.5,112.4105,113.2145
2022-05-12T14:30:00Z,112.752,113.077,112.752,113.077
2022-05-12T14:45:00Z,113.3625,113.8055,113.3625,113.8055
2022-05-12T15:00:00Z,113.8655,113.9825,113.858,113.9825
2022-05-12T15:15:00Z,113.686,113.686,113.515,113.5175
2022-05-12T15:30:00Z,112.9925,112.9925,112.9925,112.9925
2022-05-12T15:45:00Z,112.6975,112.6975,112.2465,112.2465
2022-05-12T16:00:00Z,112.1535,112.3985,111.9465,111.9465
2022-05-12T16:15:00Z,112.0005,112.388,111.5,112.388
2022-05-12T16:30:00Z,113.1615,113.2815,112.661,112.786
2022-05-12T17:00:00Z,112.2565,112.2565,111.714,111.714
2022-05-12T17:15:00Z,111.5335,111.5335,111.25,111.25
2022-05-12T17:30:00Z,110.9975,110.9975,110.37,110.414
2022-05-12T17:45:00Z,110.237,110.3115,109.9945,110.3115
2022-05-12T18:00:00Z,110.3075,110.462,110.3075,110.462
2022-05-12T18:15:00Z,110.753,111.17125,110.753,111.17125
2022-05-12T18:30:00Z,110.5065,110.5065,110.2235,110.2235
2022-05-12T18:45:00Z,110.3795,110.3795,110.112,110.299
2022-05-12T19:00:00Z,110.6195,110.9475,110.6195,110.91
2022-05-12T19:15:00Z,111.6225,112.0745,111.6225,112.0745
2022-05-12T19:30:00Z,111.5835,112,111.5835,111.91
2022-05-12T19:45:00Z,112.1055,112.922,111.6995,112.922
2022-05-13T13:30:00Z,114.1865,114.7845,113.758,114.7845
2022-05-13T13:45:00Z,115.1155,115.499,115.1155,115.3165
2022-05-13T14:00:00Z,115.5685,115.6595,115.4595,115.4595
2022-05-13T14:15:00Z,115.5,116,115.5,115.8755
2022-05-13T14:30:00Z,116,116.1345,115.8945,115.8945
2022-05-13T14:45:00Z,115.7725,115.7725,115.7,115.7
2022-05-13T15:00:00Z,116.0895,116.0895,115.9295,116
2022-05-13T15:15:00Z,115.93,116.5485,115.93,116.5485
2022-05-13T15:30:00Z,116.6025,117.1725,116.59525,116.96875
2022-05-13T15:45:00Z,116.819,116.8775,116.7395,116.7395
2022-05-13T16:00:00Z,116.87,117.81,116.8605,117.73
2022-05-13T16:15:00Z,117.6145,117.6145,117.268,117.483
2022-05-13T16:30:00Z,117.519,117.681,117.501,117.501
2022-05-13T16:45:00Z,117.1925,117.1925,117.0525,117.101
2022-05-13T17:00:00Z,117.009,117.009,117.009,117.009
2022-05-13T17:15:00Z,116.9095,117.031,116.75,117.031
2022-05-13T17:30:00Z,116.9955,116.9955,116.9955,116.9955
2022-05-13T17:45:00Z,116.4565,116.4565,116.1505,116.208
2022-05-13T18:00:00Z,116.0215,116.0215,115.182,115.383
2022-05-13T18:15:00Z,115.167,115.167,115.167,115.167
2022-05-13T18:30:00Z,115.3975,115.4755,115.2345,115.4755
2022-05-13T18:45:00Z,115.8245,115.8245,115.675,115.675
2022-05-13T19:00:00Z,115.8775,116.114,115.8775,116.114
2022-05-13T19:15:00Z,116.4325,116.694,116.4325,116.6715
2022-05-13T19:30:00Z,116.6635,116.7425,115.997,116.0695
2022-05-13T19:45:00Z,115.994,116.0965,115.5375,116.044
2022-05-16T13:30:00Z,114.998,116.11525,114.998,115.0645
2022-05-16T13:45:00Z,114.426,114.628,114.1645,114.4035
2022-05-16T14:00:00Z,114.1875,114.9025,113.9385,114.9025
2022-05-16T14:15:00Z,114.8505,115.1245,114.7485,115.1085
2022-05-16T14:30:00Z,115.197,115.197,114.831,114.831
2022-05-16T14:45:00Z,114.447,114.447,114.447,114.447
2022-05-16T15:00:00Z,114.242,114.588,114.242,114.588
2022-05-16T15:15:00Z,114.467,114.467,114.467,114.467
2022-05-16T15:30:00Z,114.2765,114.477,114.256,114.477
2022-05-16T15:45:00Z,114.499,114.684,114.499,114.6495
2022-05-16T16:00:00Z,114.9615,114.9665,114.8215,114.8215
2022-05-16T16:15:00Z,114.6585,114.739,114.6255,114.7295
2022-05-16T16:30:00Z,114.723,114.723,114.2025,114.25
2022-05-16T16:45:00Z,114.229,114.326,114.1335,114.1335
2022-05-16T17:00:00Z,114.0585,114.205,114.0585,114.205
2022-05-16T17:15:00Z,114.42,114.6035,114.3765,114.6035
2022-05-16T17:30:00Z,114.8355,114.988,114.8155,114.988
2022-05-16T17:45:00Z,115.0015,115.0015,114.9685,114.9755
2022-05-16T18:00:00Z,115.165,115.216,114.9435,114.9915
2022-05-16T18:15:00Z,114.95,115.242,114.95,115.228
2022-05-16T18:30:00Z,115.35,115.4885,115.347,115.372
2022-05-16T18:45:00Z,115.367,115.376,115.1905,115.2
2022-05-16T19:15:00Z,114.7725,114.7895,114.5,114.65
2022-05-16T19:30:00Z,114.572,114.6545,114.399,114.399
2022-05-16T19:45:00Z,114.302,114.5955,114.1345,114.537
2022-05-17T13:30:00Z,116.752,116.752,116.26,116.6085
2022-05-17T13:45:00Z,116.51,116.51,115.7735,115.8
2022-05-17T14:00:00Z,115.856,116.22,115.856,115.9
2022-05-17T14:15:00Z,116.015,116.0955,116.015,116.0955
2022-05-17T14:30:00Z,115.7005,115.7005,115.6965,115.6965
2022-05-17T14:45:00Z,115.1145,115.136,115.1145,115.1325
2022-05-17T15:00:00Z,115.23825,115.23825,115.23825,115.23825
2022-05-17T15:15:00Z,115.2155,115.2675,115.107,115.2625
2022-05-17T15:30:00Z,115.786,115.786,115.786,115.786
2022-05-17T15:45:00Z,115.7,115.8,115.64,115.64
2022-05-17T16:00:00Z,115.6825,115.75,115.6825,115.708
2022-05-17T16:15:00Z,115.825,115.925,115.825,115.925
2022-05-17T16:30:00Z,115.9255,116,115.9255,116
2022-05-17T16:45:00Z,116.0585,116.062,115.9805,115.9805
2022-05-17T17:00:00Z,115.838,115.85,115.823,115.85
2022-05-17T17:15:00Z,116.2005,116.2005,116.2005,116.2005
2022-05-17T17:30:00Z,116.0935,116.0935,115.957,115.957
2022-05-17T17:45:00Z,115.9225,115.9225,115.9225,115.9225
2022-05-17T18:00:00Z,115.781,116.1215,115.5895,115.5895
2022-05-17T18:15:00Z,115.15,115.4815,115.15,115.4815
2022-05-17T18:30:00Z,115.45,115.45,115.45,115.45
2022-05-17T18:45:00Z,115.9635,115.9635,115.9635,115.9635
2022-05-17T19:00:00Z,116.162,116.353,116.0615,116.279
2022-05-17T19:15:00Z,116.428,116.428,116.321,116.321
2022-05-17T19:30:00Z,116.5,116.5,116.1995,116.1995
2022-05-17T19:45:00Z,116.0505,116.47,115.9985,116.47
2022-05-18T13:30:00Z,114.9465,115.242,114.8975,114.8975
2022-05-18T13:45:00Z,114.3735,114.4085,113.925,113.925
2022-05-18T14:00:00Z,113.91825,114.2895,113.91825,114.1475
2022-05-18T14:15:00Z,114.346,114.4,114.15,114.375
2022-05-18T14:30:00Z,113.949,114.3715,113.949,114.3715
2022-05-18T14:45:00Z,114.4845,114.498,114.405,114.405
2022-05-18T15:00:00Z,114.1975,114.272,114.1635,114.1635
2022-05-18T15:15:00Z,113.8915,113.8915,113.1585,113.1585
2022-05-18T15:30:00Z,112.82,113.5785,112.82,113.5785
2022-05-18T15:45:00Z,113.337,113.457,113.0435,113.0435
2022-05-18T16:00:00Z,113.139,113.139,112.8445,112.85
2022-05-18T16:15:00Z,112.975,112.975,112.6765,112.71
2022-05-18T16:30:00Z,112.6115,113,112.6115,112.8
2022-05-18T16:45:00Z,112.9935,113.6005,112.9935,113.6005
2022-05-18T17:00:00Z,112.8105,112.8105,112.8105,112.8105
2022-05-18T17:30:00Z,112.98,113.014,112.98,113.0035
2022-05-18T17:45:00Z,112.4845,112.4845,112.4765,112.4775
2022-05-18T18:00:00Z,112.514,112.5845,112.514,112.5845
2022-05-18T18:15:00Z,112.661,112.6705,112.661,112.6705
2022-05-18T18:30:00Z,112.63,112.654,112.5,112.654
2022-05-18T18:45:00Z,112.4785,112.4785,112.4785,112.4785
2022-05-18T19:00:00Z,112.5205,112.693,112.5205,112.624
2022-05-18T19:15:00Z,112.5965,112.5965,112.4575,112.4575
2022-05-18T19:30:00Z,112.2335,112.7525,112.2335,112.5465
2022-05-18T19:45:00Z,112.467,112.467,111.5575,112.0275
2022-05-18T20:15:00Z,111.5,111.5,111.5,111.5
2022-05-19T13:30:00Z,111.5565,112.55775,111.25,112.215
2022-05-19T13:45:00Z,111.862,112.9715,111.638,112.7875
2022-05-19T14:00:00Z,112.86,112.9085,111.8045,111.865
2022-05-19T14:15:00Z,112.211,112.384,112.191,112.2085
2022-05-19T14:30:00Z,112.2575,112.28125,111.716,111.716
2022-05-19T14:45:00Z,111.643,112,111.643,112
2022-05-19T15:00:00Z,112.0895,112.212,111.7885,112.212
2022-05-19T15:15:00Z,111.935,112.007,111.8795,111.8795
2022-05-19T15:30:00Z,112,112.3705,111.886,112.359
2022-05-19T15:45:00Z,112.2335,112.2335,112.2335,112.2335
2022-05-19T16:00:00Z,112.1495,112.1925,112.096,112.1925
2022-05-19T16:15:00Z,111.936,111.976,111.936,111.949
2022-05-19T16:30:00Z,111.4845,111.4845,111.244,111.244
2022-05-19T16:45:00Z,111.1,111.1,110.9285,111.0125
2022-05-19T17:00:00Z,111.0935,111.1015,110.6,110.6235
2022-05-19T17:15:00Z,110.459,110.6445,110.459,110.6445
2022-05-19T17:30:00Z,110.5855,110.5855,110.4425,110.4525
2022-05-19T17:45:00Z,110.288,110.8605,110.288,110.824
2022-05-19T18:00:00Z,110.782,110.782,110.298,110.7765
2022-05-19T18:15:00Z,110.465,110.5955,110.465,110.5955
2022-05-19T18:45:00Z,111.25,111.4505,111.103,111.103
2022-05-19T19:00:00Z,111.366,111.7275,111.3205,111.7275
2022-05-19T19:15:00Z,110.7225,110.7225,110.6435,110.6435
2022-05-19T19:30:00Z,110.427,110.795,110.363,110.795
2022-05-19T19:45:00Z,110.803,110.839,110.247,110.4055
2022-05-20T13:30:00Z,112.1245,112.1245,111.1845,111.779
2022-05-20T13:45:00Z,111.5155,111.757,111.502,111.5575
2022-05-20T14:00:00Z,111.247,111.247,110.49,110.49
2022-05-20T14:15:00Z,110.522,110.5765,110.1595,110.37
2022-05-20T14:30:00Z,110.342,110.359,110.0225,110.2145
2022-05-20T14:45:00Z,110.156,110.156,109.191,109.2095
2022-05-20T15:00:00Z,108.8745,108.926,108.45,108.477
2022-05-20T15:15:00Z,108.443,108.4455,108.005,108.387
2022-05-20T15:30:00Z,108.45,108.45,107.999,108.001
2022-05-20T15:45:00Z,107.874,108.1455,107.874,107.9775
2022-05-20T16:00:00Z,107.806,107.95,106.93,107.2495
2022-05-20T16:15:00Z,107.2375,107.2375,106.9105,106.946
2022-05-20T16:30:00Z,106.92,106.9375,106.25,106.2705
2022-05-20T16:45:00Z,106.1175,106.3975,105.843,106.3605
2022-05-20T17:00:00Z,106.1235,106.3,106.0155,106.057
2022-05-20T17:15:00Z,106.136,106.1415,105.933,105.933
2022-05-20T17:30:00Z,105.985,106.55,105.985,106.3695
2022-05-20T17:45:00Z,106.401,106.8515,106.4005,106.6035
2022-05-20T18:00:00Z,106.5,106.5135,106.1805,106.3
2022-05-20T18:15:00Z,106.1355,106.136,106.05,106.1295
2022-05-20T18:30:00Z,106.0925,106.1625,105.895,106.1625
2022-05-20T18:45:00Z,106.70875,106.70875,106.425,106.425
2022-05-20T19:00:00Z,106.402,106.4205,106.219,106.25
2022-05-20T19:30:00Z,107.0905,108.563,107.0905,108.5415
2022-05-20T19:45:00Z,108.3,109.0185,108.0415,108.942
2022-05-20T21:00:00Z,108.9895,108.9895,108.9895,108.9895
2022-05-23T13:30:00Z,109.55625,109.6035,108.83,109.6035
2022-05-23T13:45:00Z,109.7575,110.2825,109.6115,109.667
2022-05-23T14:00:00Z,109.7615,109.8035,109.297,109.666
2022-05-23T14:15:00Z,109.95,110.952,109.95,110.952
2022-05-23T14:30:00Z,110.9205,111.384,110.9205,111.3535
2022-05-23T14:45:00Z,111.254,111.36975,110.5815,110.75
2022-05-23T15:00:00Z,111.1655,111.2855,110.9635,110.9635
2022-05-23T15:15:00Z,111.216,111.216,111.003,111.1
2022-05-23T15:30:00Z,111.0505,111.0815,111.0405,111.0815
2022-05-23T15:45:00Z,111.576,111.576,111.576,111.576
2022-05-23T16:00:00Z,111.6985,112.056,111.6985,111.8305
2022-05-23T16:15:00Z,111.95,111.95,111.628,111.628
2022-05-23T16:30:00Z,111.513,111.64225,111.45,111.45
2022-05-23T16:45:00Z,111.45,111.45,111.169,111.169
2022-05-23T17:00:00Z,111.1655,111.1655,111.02,111.02
2022-05-23T17:15:00Z,110.7945,111.097,110.7945,111.097
2022-05-23T17:30:00Z,111.0955,111.2895,111.0955,111.2895
2022-05-23T17:45:00Z,111.5145,111.54,111.165,111.165
2022-05-23T18:00:00Z,111.2625,111.6105,111.2625,111.5235
2022-05-23T18:15:00Z,111.534,111.6125,111.4565,111.4945
2022-05-23T18:30:00Z,111.381,111.646,111.381,111.646
2022-05-23T18:45:00Z,111.70325,111.70325,111.3195,111.326
2022-05-23T19:00:00Z,111.3345,111.3345,111.3345,111.3345
2022-05-23T19:15:00Z,111.25,111.25,111.1325,111.1325
2022-05-23T19:30:00Z,111.3065,111.3065,111.1,111.1
2022-05-23T19:45:00Z,111.0575,111.572,111.001,111.456
2022-05-23T21:15:00Z,107,107.25,107,107.25
2022-05-23T21:30:00Z,107,107.2,107,107
2022-05-23T21:45:00Z,106.75,106.75,106.5,106.5
2022-05-23T22:15:00Z,107,107,107,107
2022-05-24T12:00:00Z,107,107,107,107
2022-05-24T12:45:00Z,106.5,106.5,106.5,106.5
2022-05-24T13:15:00Z,105.85,105.85,105.85,105.85
2022-05-24T13:30:00Z,105.7495,105.7495,104.11825,104.9925
2022-05-24T13:45:00Z,104.6675,104.7,103.79125,103.8275
2022-05-24T14:00:00Z,103.88,103.88,102.8,102.833
2022-05-24T14:15:00Z,102.77,103.5305,102.372,103.4865
2022-05-24T14:30:00Z,103.04375,103.1695,102.57,103.1695
2022-05-24T14:45:00Z,103.1595,103.233,102.5145,102.55725
2022-05-24T15:00:00Z,103.4625,103.75,103.4625,103.75
2022-05-24T15:15:00Z,104.05,104.3,103.883,104.3
2022-05-24T15:30:00Z,104.5,104.5,103.982,104.297
2022-05-24T15:45:00Z,104.681,104.8495,104.5525,104.5525
2022-05-24T16:00:00Z,104.5075,104.9775,104.5075,104.8965
2022-05-24T16:15:00Z,105.2915,105.2915,104.9565,104.9565
2022-05-24T16:30:00Z,104.8,104.8,104.0385,104.0535
2022-05-24T16:45:00Z,104,104.3035,104,104.3035
2022-05-24T17:00:00Z,104.163,104.2635,103.9775,104.2635
2022-05-24T17:15:00Z,104.241,104.5,104.241,104.5
2022-05-24T17:30:00Z,105.2215,105.449,105.2215,105.3035
2022-05-24T17:45:00Z,105.3935,105.555,105.104,105.5
2022-05-24T18:00:00Z,105.1995,106.0775,105.1995,106.071
2022-05-24T18:15:00Z,105.5235,105.545,105.296,105.4255
2022-05-24T18:30:00Z,105.275,105.688,105.275,105.6765
2022-05-24T18:45:00Z,104.6835,104.6835,104.67,104.67
2022-05-24T19:00:00Z,104.929,105.2635,104.929,105.2635
2022-05-24T19:15:00Z,105.3275,105.52775,105.3275,105.4075
2022-05-24T19:30:00Z,105.892,106.362,105.892,106.19
2022-05-24T19:45:00Z,105.861,106.1475,105.8005,105.9695
2022-05-24T20:00:00Z,105.97,105.97,105.97,105.97
2022-05-24T20:15:00Z,106.0325,106.0325,106.0325,106.0325
2022-05-25T12:15:00Z,105,105,105,105
2022-05-25T13:30:00Z,104.9495,105.7635,104.6,105.133
2022-05-25T13:45:00Z,105.255,105.255,103.9725,104.0035
2022-05-25T14:00:00Z,104.7295,105,104.1425,105
2022-05-25T14:15:00Z,104.736,105.595,104.736,105.595
2022-05-25T14:30:00Z,105.7775,106.146,105.7775,105.9085
2022-05-25T14:45:00Z,105.9545,106.0965,105.738,106.0965
2022-05-25T15:00:00Z,106.068,106.068,106.068,106.068
2022-05-25T15:15:00Z,106.298,106.3125,105.9465,106.0245
2022-05-25T15:30:00Z,105.8525,105.8525,105.7245,105.767
2022-05-25T15:45:00Z,105.685,105.685,105.378,105.378
2022-05-25T16:00:00Z,105.2635,105.2635,105.2635,105.2635
2022-05-25T16:15:00Z,105.0935,105.0935,104.8835,104.9775
2022-05-25T16:30:00Z,104.85,104.855,104.45,104.5515
2022-05-25T16:45:00Z,104.701,104.868,104.701,104.7645
2022-05-25T17:00:00Z,104.826,104.826,104.6295,104.6295
2022-05-25T17:15:00Z,104.5615,104.5615,104.5,104.5
2022-05-25T17:30:00Z,104.483,104.821,104.483,104.821
2022-05-25T17:45:00Z,104.848,105.044,104.848,104.9595
2022-05-25T18:00:00Z,105.1615,105.4985,104.561,104.561
2022-05-25T18:15:00Z,105.5715,105.8735,105.5715,105.7725
2022-05-25T18:30:00Z,105.8385,105.856,105.8385,105.856
2022-05-25T18:45:00Z,106.003,106.2,105.9295,106.1895
2022-05-25T19:00:00Z,106.261,106.4995,106.261,106.4655
2022-05-25T19:15:00Z,106.35,106.35,105.99,106.01
2022-05-25T19:30:00Z,106.15,106.15,105.7755,105.7755
2022-05-25T19:45:00Z,105.806,105.8445,105.543,105.782
2022-05-26T13:30:00Z,105.677,106.8485,105.4645,106.6045
2022-05-26T13:45:00Z,106.65,107.1895,106.65,107.1895
2022-05-26T14:00:00Z,106.7905,107.25,106.7905,107.25
2022-05-26T14:15:00Z,107.3225,107.4065,107.1055,107.1055
2022-05-26T14:30:00Z,107.125,107.1845,107.063,107.1845
2022-05-26T14:45:00Z,107.4805,107.5985,107.4,107.546
2022-05-26T15:00:00Z,107.891,107.891,107.497,107.5155
2022-05-26T15:15:00Z,107.6995,107.6995,107.5585,107.5585
2022-05-26T15:30:00Z,107.5125,107.979,107.5125,107.979
2022-05-26T15:45:00Z,107.5995,107.8425,107.5975,107.8425
2022-05-26T16:00:00Z,107.8935,108.31,107.8935,108.307
2022-05-26T16:15:00Z,108.1905,108.3185,108.13,108.3185
2022-05-26T16:30:00Z,108.3465,108.3475,108.2455,108.2455
2022-05-26T16:45:00Z,108.2075,108.3325,108.2075,108.3265
2022-05-26T17:00:00Z,108.576,108.576,108.576,108.576
2022-05-26T17:15:00Z,108.237,108.241,108.219,108.241
2022-05-26T17:30:00Z,108.1745,108.1745,107.9615,108.04
2022-05-26T17:45:00Z,107.999,108.1945,107.8375,108.1945
2022-05-26T18:00:00Z,108.1345,108.1345,108.1255,108.1255
2022-05-26T18:15:00Z,108.3275,108.3275,108.2675,108.2675
2022-05-26T19:00:00Z,107.7355,107.78925,107.5975,107.754
2022-05-26T19:15:00Z,107.6105,107.6195,107.4365,107.615
2022-05-26T19:30:00Z,107.8195,107.9305,107.8195,107.9305
2022-05-26T19:45:00Z,108.2195,108.2195,107.6545,107.811
2022-05-27T13:30:00Z,109.374,110.6455,109.29975,110.1855
2022-05-27T13:45:00Z,110.216,110.622,110.216,110.622
2022-05-27T14:00:00Z,110.73,110.9965,110.73,110.984
2022-05-27T14:15:00Z,111.0605,111.203,110.9615,111.1905
2022-05-27T14:30:00Z,111.475,111.551,111.3705,111.3825
2022-05-27T14:45:00Z,111.458,111.458,111.1555,111.1555
2022-05-27T15:00:00Z,111.224,111.4,111.101,111.4
2022-05-27T15:15:00Z,111.4785,111.791,111.4785,111.7355
2022-05-27T15:30:00Z,111.684,111.808,111.6255,111.7495
2022-05-27T15:45:00Z,111.7005,111.8685,111.682,111.7595
2022-05-27T16:00:00Z,111.95,112,111.95,111.9925
2022-05-27T16:15:00Z,111.8045,112.0455,111.657,112.0455
2022-05-27T16:30:00Z,112.0045,112.0145,111.893,111.894
2022-05-27T16:45:00Z,111.8635,111.8635,111.8635,111.8635
2022-05-27T17:00:00Z,111.969,112.086,111.934,112.0645
2022-05-27T17:15:00Z,112.017,112.065,112.017,112.065
2022-05-27T17:30:00Z,111.75,111.75,111.75,111.75
2022-05-27T17:45:00Z,111.657,111.6605,111.657,111.6605
2022-05-27T18:00:00Z,111.5505,111.5505,111.2685,111.3625
2022-05-27T18:15:00Z,111.55,111.657,111.55,111.657
2022-05-27T18:30:00Z,111.7515,111.8755,111.7515,111.8225
2022-05-27T18:45:00Z,111.9185,111.985,111.9005,111.9785
2022-05-27T19:00:00Z,111.977,112.1585,111.977,112.131
2022-05-27T19:15:00Z,112.1405,112.1705,112.09,112.134
2022-05-27T19:30:00Z,112.072,112.098,111.782,111.852
2022-05-27T19:45:00Z,111.797,112.3035,111.4895,112.244
2022-05-31T13:30:00Z,112.6,113.5695,112.5,112.6885
2022-05-31T13:45:00Z,112.7365,112.7365,112.25,112.4925
2022-05-31T14:00:00Z,112.5,112.561,112.0785,112.1495
2022-05-31T14:15:00Z,112.5215,112.8,112.479,112.7855
2022-05-31T14:30:00Z,113,113.2595,112.95,113.2595
2022-05-31T14:45:00Z,113.349,113.45,113.203,113.203
2022-05-31T15:00:00Z,113.6435,113.6695,113.5165,113.5165
2022-05-31T15:15:00Z,113.45,113.45,113.1905,113.3
2022-05-31T15:30:00Z,113.20125,113.523,113.20125,113.523
2022-05-31T15:45:00Z,113.6595,114.2545,113.6505,114.2545
2022-05-31T16:00:00Z,114.1475,114.8165,114.1475,114.758
2022-05-31T16:15:00Z,114.6985,114.8585,114.3735,114.3735
2022-05-31T16:30:00Z,115.0625,115.0625,115.045,115.045
2022-05-31T16:45:00Z,115.0705,115.296,115.0705,115.2615
2022-05-31T17:00:00Z,115.0085,115.2045,114.97,114.97
2022-05-31T17:15:00Z,114.6205,114.6205,114.5095,114.5095
2022-05-31T17:30:00Z,114.8075,114.85,114.675,114.85
2022-05-31T17:45:00Z,114.843,115.22025,114.843,115.22025
2022-05-31T18:00:00Z,115.3705,115.5905,115.24,115.5735
2022-05-31T18:15:00Z,115.6655,115.6655,115.3,115.3
2022-05-31T18:30:00Z,114.989,114.989,114.9025,114.9025
2022-05-31T18:45:00Z,114.6215,114.6215,114.2705,114.356
2022-05-31T19:00:00Z,114.402,114.6295,114.2385,114.465
2022-05-31T19:15:00Z,114.715,114.9165,114.715,114.9105
2022-05-31T19:30:00Z,114.9755,115.207,114.951,114.9755
2022-05-31T19:45:00Z,114.5,114.899,113.6995,113.762
2022-06-01T13:15:00Z,115,115.651,115,115.651
2022-06-01T13:30:00Z,114.7995,116.617,114.724,116.2285
2022-06-01T13:45:00Z,116.2365,117.085,116.152,116.8545
2022-06-01T14:00:00Z,116.44,116.554,115.6215,115.9395
2022-06-01T14:15:00Z,114.8675,115.15,114.776,114.9755
2022-06-01T14:30:00Z,114.77,114.8685,114.4005,114.8685
2022-06-01T14:45:00Z,114.6455,115.0005,114.6045,114.9995
2022-06-01T15:00:00Z,114.64,114.727,114.48,114.65
2022-06-01T15:15:00Z,114.3095,114.3095,114.107,114.2975
2022-06-01T15:30:00Z,114.3805,114.3805,114.071,114.071
2022-06-01T15:45:00Z,114.092,114.3735,114.0775,114.3735
2022-06-01T16:00:00Z,114.0365,114.0365,113.5005,113.812
2022-06-01T16:15:00Z,113.851,114.0395,113.851,113.9295
2022-06-01T16:30:00Z,113.7765,114.076,113.7015,113.7015
2022-06-01T17:00:00Z,113.5615,113.968,113.5615,113.9535
2022-06-01T17:15:00Z,114.0755,114.0755,113.9,113.9
2022-06-01T17:30:00Z,113.73,113.884,113.73,113.884
2022-06-01T17:45:00Z,114.096,114.0965,113.8905,113.8905
2022-06-01T18:00:00Z,114.031,114.335,114.031,114.3
2022-06-01T18:15:00Z,114.453,114.9085,114.32075,114.9085
2022-06-01T18:30:00Z,114.8025,114.88,114.8025,114.88
2022-06-01T18:45:00Z,114.5325,114.5325,114.5325,114.5325
2022-06-01T19:00:00Z,114.336,114.336,114.336,114.336
2022-06-01T19:15:00Z,114.77,114.77,114.4535,114.4535
2022-06-01T19:30:00Z,114.181,114.5355,114.181,114.504
2022-06-01T19:45:00Z,114.46425,114.6975,113.891,113.891
2022-06-02T13:30:00Z,113.743,113.9995,112.9765,113.384
2022-06-02T13:45:00Z,113.2765,113.9475,113.2765,113.742
2022-06-02T14:00:00Z,114.1925,115.2405,114.189,115.15
2022-06-02T14:15:00Z,115.1675,115.1675,114.1165,114.16
2022-06-02T14:30:00Z,114.3,114.623,114.3,114.623
2022-06-02T14:45:00Z,114.64,114.64,114.64,114.64
2022-06-02T15:00:00Z,115.316,115.724,115.316,115.724
2022-06-02T15:15:00Z,115.468,115.491,115.468,115.4865
2022-06-02T15:45:00Z,115.498,115.9095,115.498,115.69
2022-06-02T16:00:00Z,115.6355,115.955,115.6355,115.955
2022-06-02T16:15:00Z,115.9725,116.72,115.9725,116.72
2022-06-02T16:30:00Z,116.7565,117.824,116.7565,117.063
2022-06-02T16:45:00Z,117.091,117.2365,117.0375,117.2365
2022-06-02T17:00:00Z,117.031,117.3,117.031,117.3
2022-06-02T17:15:00Z,116.916,116.916,116.916,116.916
2022-06-02T17:30:00Z,117.3965,117.3965,117.3965,117.3965
2022-06-02T17:45:00Z,117.4495,117.5425,117.4495,117.519
2022-06-02T18:00:00Z,117.483,117.651,117.4575,117.651
2022-06-02T18:15:00Z,117.6215,117.6215,117.4935,117.4935
2022-06-02T18:30:00Z,117.501,117.647,117.287,117.3075
2022-06-02T18:45:00Z,117.6045,117.6045,117.4265,117.455
2022-06-02T19:00:00Z,117.4745,117.5895,117.4335,117.53
2022-06-02T19:15:00Z,117.624,117.624,117.20525,117.20525
2022-06-02T19:30:00Z,117.177,117.2715,117.105,117.2315
2022-06-02T19:45:00Z,117.3335,117.8085,117.2775,117.5045
2022-06-02T20:00:00Z,117.5,117.5,117.5,117.5
2022-06-03T13:30:00Z,115.8455,116.1365,115.2875,115.2875
2022-06-03T13:45:00Z,114.825,115.3695,114.825,115.265
2022-06-03T14:00:00Z,115.277,115.6275,115,115
2022-06-03T14:15:00Z,115.1965,115.1985,114.9775,115.1985
2022-06-03T14:30:00Z,115,115,114.382,114.42125
2022-06-03T14:45:00Z,114.6275,114.6275,113.796,113.796
2022-06-03T15:00:00Z,113.584,113.925,113.584,113.9055
2022-06-03T15:15:00Z,113.938,113.9795,113.8235,113.8305
2022-06-03T15:30:00Z,113.94225,114.2595,113.933,113.9545
2022-06-03T15:45:00Z,113.8445,113.8445,113.7725,113.7725
2022-06-03T16:00:00Z,113.836,114.1885,113.836,113.961
2022-06-03T16:30:00Z,114.2415,114.4395,114.1945,114.4395
2022-06-03T16:45:00Z,114.604,114.66,114.523,114.66
2022-06-03T17:00:00Z,114.689,114.863,114.689,114.863
2022-06-03T17:15:00Z,114.4935,114.4935,114.36,114.36
2022-06-03T17:30:00Z,114.2075,114.2075,114.045,114.052
2022-06-03T17:45:00Z,114.1595,114.1595,114.159,114.159
2022-06-03T18:00:00Z,114.1055,114.3675,114.1,114.252
2022-06-03T18:15:00Z,114.399,114.588,114.399,114.588
2022-06-03T18:30:00Z,114.5545,114.5545,114.2255,114.2255
2022-06-03T19:00:00Z,114.45,114.45,114.2485,114.2485
2022-06-03T19:15:00Z,114.0715,114.2035,114.066,114.0905
2022-06-03T19:30:00Z,114.11,114.4895,114.1075,114.28675
2022-06-03T19:45:00Z,114.3345,114.7035,114.3345,114.5125
2022-06-06T13:30:00Z,116.7,118.263,116.7,118.263
2022-06-06T13:45:00Z,117.728,118.1195,117.4405,118.0715
2022-06-06T14:00:00Z,118.784,119.2855,118.718,118.7605
2022-06-06T14:15:00Z,118.35,118.867,118.35,118.867
2022-06-06T14:30:00Z,119,119.0105,118.6395,118.64
2022-06-06T14:45:00Z,118.64,118.7965,118.64,118.7965
2022-06-06T15:15:00Z,117.7355,117.7355,117.2315,117.3195
2022-06-06T15:30:00Z,117.641,118.0085,117.641,118.0085
2022-06-06T15:45:00Z,118.0215,118.05,117.902,118.048
2022-06-06T16:00:00Z,117.8445,117.8445,116.67,116.725
2022-06-06T16:15:00Z,116.757,116.874,116.5515,116.5515
2022-06-06T16:30:00Z,116.7455,117.1035,116.7455,117.1035
2022-06-06T16:45:00Z,117.1095,117.11,117.1095,117.11
2022-06-06T17:00:00Z,117.1395,117.1395,116.975,116.975
2022-06-06T17:15:00Z,116.6835,116.795,116.6835,116.795
2022-06-06T17:30:00Z,117.3145,117.4775,117.3145,117.4775
2022-06-06T17:45:00Z,117.54,117.9385,117.406,117.848
2022-06-06T18:00:00Z,117.88,117.914,117.677,117.6875
2022-06-06T18:15:00Z,117.5835,117.6275,117.201,117.201
2022-06-06T18:30:00Z,117.1425,117.1825,117.0625,117.0625
2022-06-06T18:45:00Z,117.1815,117.324,116.744,116.879
2022-06-06T19:00:00Z,116.6105,116.684,116.6105,116.684
2022-06-06T19:15:00Z,116.66,116.66,116.3225,116.5675
2022-06-06T19:30:00Z,116.4005,116.65,116.2565,116.6235
2022-06-06T19:45:00Z,116.561,116.87475,116.5605,116.8305
2022-06-07T13:30:00Z,115.4215,116.2325,115.1565,116.1805
2022-06-07T13:45:00Z,116.1445,116.263,115.874,116.0725
2022-06-07T14:00:00Z,116.123,116.123,115.7535,115.7535
2022-06-07T14:15:00Z,115.8835,116.773,115.8835,116.773
2022-06-07T14:30:00Z,116.752,117.6135,116.752,117.5335
2022-06-07T14:45:00Z,117.553,117.635,117.3635,117.438
2022-06-07T15:00:00Z,117.298,117.298,117.065,117.185
2022-06-07T15:15:00Z,117.25,117.25,116.8,116.8
2022-06-07T15:30:00Z,116.5,116.5,116.4,116.4645
2022-06-07T15:45:00Z,116.4,116.538,116.311,116.5025
2022-06-07T16:00:00Z,116.5305,116.537,116.2375,116.2375
2022-06-07T16:15:00Z,116.049,116.049,116.049,116.049
2022-06-07T16:30:00Z,116.014,116.7085,116.014,116.616
2022-06-07T16:45:00Z,116.549,116.754,116.5,116.754
2022-06-07T17:00:00Z,116.571,116.847,116.571,116.847
2022-06-07T17:30:00Z,117.022,117.022,116.8065,116.8065
2022-06-07T17:45:00Z,116.79,116.8545,116.79,116.846
2022-06-07T18:00:00Z,116.9595,117.501,116.818,117.363
2022-06-07T18:15:00Z,117.289,117.289,117.289,117.289
2022-06-07T18:30:00Z,117.4145,117.4145,116.9,116.9
2022-06-07T18:45:00Z,116.8525,116.8525,116.85,116.85
2022-06-07T19:00:00Z,117.1175,117.1475,117.0375,117.0375
2022-06-07T19:15:00Z,117.08,117.08,117.018,117.018
2022-06-07T19:30:00Z,117.042,117.2415,117.02475,117.02475
2022-06-07T19:45:00Z,117.007,117.4125,117.007,117.15
2022-06-08T13:30:00Z,117.1675,117.1675,116.739,116.75
2022-06-08T13:45:00Z,116.611,117.678,116.611,117.424
2022-06-08T14:00:00Z,117.343,117.585,117.303,117.303
2022-06-08T14:15:00Z,117.1745,117.861,117.15,117.842
2022-06-08T14:30:00Z,117.7115,117.9235,117.575,117.575
2022-06-08T14:45:00Z,117.5545,117.584,117.3045,117.3045
2022-06-08T15:00:00Z,117.289,118.0085,117.2645,118.0085
2022-06-08T15:15:00Z,117.981,118.4445,117.981,118.4445
2022-06-08T15:45:00Z,117.936,118.0665,117.936,117.95
2022-06-08T16:00:00Z,117.795,117.8535,117.795,117.8535
2022-06-08T16:15:00Z,117.9515,117.9515,117.501,117.501
2022-06-08T16:30:00Z,116.97025,116.97025,116.97025,116.97025
2022-06-08T16:45:00Z,117.078,117.078,117.078,117.078
2022-06-08T17:00:00Z,117.201,117.201,117.085,117.2
2022-06-08T17:15:00Z,117.2545,117.2545,117.2545,117.2545
2022-06-08T17:30:00Z,116.75,117,116.75,117
2022-06-08T17:45:00Z,117.068,117.32,117.0665,117.32
2022-06-08T18:00:00Z,117.594,117.594,117.4645,117.4835
2022-06-08T18:15:00Z,117.2445,117.2445,117.2445,117.2445
2022-06-08T18:30:00Z,117.3835,117.3945,117.29,117.3945
2022-06-08T18:45:00Z,117.662,117.662,117.628,117.628
2022-06-08T19:00:00Z,117.4585,117.528,117.21,117.528
2022-06-08T19:15:00Z,117.453,117.668,117.4495,117.6615
2022-06-08T19:30:00Z,117.694,117.8775,117.694,117.828
2022-06-08T19:45:00Z,117.5,117.5,117.1325,117.1325
2022-06-09T13:30:00Z,117.0105,117.0615,116.681,116.791
2022-06-09T13:45:00Z,116.763,117.75,116.703,117.495
2022-06-09T14:00:00Z,117.448,117.448,117.1915,117.1915
2022-06-09T14:30:00Z,117.775,117.775,117.6015,117.6015
2022-06-09T14:45:00Z,117.5175,117.57,117.1595,117.1595
2022-06-09T15:00:00Z,117.1005,117.1005,117.018,117.085
2022-06-09T15:15:00Z,117.31525,117.6095,117.2755,117.553
2022-06-09T15:30:00Z,117.7145,118.0535,117.592,118.0535
2022-06-09T15:45:00Z,117.6385,117.6385,117.6385,117.6385
2022-06-09T16:15:00Z,117.735,117.9665,117.735,117.9605
2022-06-09T16:30:00Z,118.05,118.05,117.917,117.92
2022-06-09T16:45:00Z,117.981,118.008,117.8015,118.008
2022-06-09T17:00:00Z,118.055,118.1125,118.055,118.0985
2022-06-09T17:15:00Z,117.875,117.875,117.743,117.743
2022-06-09T17:30:00Z,117.4405,117.4475,117.111,117.232
2022-06-09T17:45:00Z,117.1375,117.267,117.1375,117.264
2022-06-09T18:00:00Z,117.226,117.226,116.952,116.9525
2022-06-09T18:15:00Z,116.928,116.928,116.458,116.7
2022-06-09T18:30:00Z,116.502,116.639,116.502,116.639
2022-06-09T18:45:00Z,116.6505,116.6505,116.3735,116.3735
2022-06-09T19:00:00Z,116.1545,116.2405,115.8645,115.8695
2022-06-09T19:15:00Z,116.032,116.1145,115.7315,115.7315
2022-06-09T19:30:00Z,115.637,115.637,115.078,115.078
2022-06-09T19:45:00Z,115.0975,115.321,114.7925,114.7925
2022-06-10T13:30:00Z,112.851,112.851,111.6155,112.092
2022-06-10T13:45:00Z,112.2845,112.2845,111.2585,111.3
2022-06-10T14:00:00Z,111.121,111.121,110.5665,110.762
2022-06-10T14:15:00Z,110.7925,110.7925,110.3805,110.4285
2022-06-10T14:30:00Z,110.4625,111.1095,110.4625,111.1095
2022-06-10T14:45:00Z,110.848,110.891,110.848,110.885
2022-06-10T15:00:00Z,110.6,110.755,110.5465,110.597
2022-06-10T15:15:00Z,110.5645,110.858,110.445,110.45975
2022-06-10T15:30:00Z,110.666,110.666,110.5525,110.625
2022-06-10T15:45:00Z,110.678,110.698,110.6715,110.698
2022-06-10T16:00:00Z,111.0415,111.044,110.843,110.96
2022-06-10T16:15:00Z,110.7305,110.852,110.7305,110.8455
2022-06-10T16:30:00Z,111.0385,111.1015,111.0385,111.1015
2022-06-10T16:45:00Z,111.055,111.08925,111.047,111.08925
2022-06-10T17:00:00Z,111.194,111.26,111.1105,111.1105
2022-06-10T17:15:00Z,111.223,111.433,111.223,111.433
2022-06-10T17:30:00Z,111.4655,111.668,111.226,111.668
2022-06-10T17:45:00Z,111.7095,112.091,111.572,111.5935
2022-06-10T18:00:00Z,111.507,111.6725,111.507,111.593
2022-06-10T18:15:00Z,111.555,111.971,111.555,111.7015
2022-06-10T18:30:00Z,111.94,111.94,111.687,111.687
2022-06-10T18:45:00Z,111.86,112.3245,111.86,112.3235
2022-06-10T19:00:00Z,111.8385,111.93,111.728,111.93
2022-06-10T19:15:00Z,112.17,112.499,112.0465,112.3345
2022-06-10T19:30:00Z,112.354,112.3595,111.7365,111.7365
2022-06-10T19:45:00Z,111.6575,111.6575,111.1615,111.1615
2022-06-13T11:15:00Z,107.4,107.4,107.4,107.4
2022-06-13T13:30:00Z,106.9995,108.058,106.9995,107.689
2022-06-13T13:45:00Z,108.639,108.639,108.08,108.142
2022-06-13T14:00:00Z,108.5,108.638,107.7965,107.83225
2022-06-13T14:15:00Z,107.676,107.676,106.904,106.904
2022-06-13T14:30:00Z,107.0425,107.1815,106.817,106.817
2022-06-13T14:45:00Z,106.6865,106.906,106.5945,106.906
2022-06-13T15:00:00Z,106.8585,106.8585,106.5335,106.5335
2022-06-13T15:15:00Z,106.833,107.523,106.832,107.5225
2022-06-13T15:30:00Z,107.1115,107.471,107.036,107.471
2022-06-13T15:45:00Z,107.3215,107.3475,107.2,107.2
2022-06-13T16:00:00Z,107.322,107.807,107.322,107.8
2022-06-13T16:15:00Z,107.75,107.75,107.75,107.75
2022-06-13T16:30:00Z,107.75,108.326,107.75,108.326
2022-06-13T16:45:00Z,107.875,107.875,107.4,107.4115
2022-06-13T17:00:00Z,107.3145,107.5125,107.2665,107.5125
2022-06-13T17:15:00Z,107.5245,107.534,107.35225,107.5035
2022-06-13T17:30:00Z,107.59175,107.653,107.4325,107.653
2022-06-13T17:45:00Z,107.86175,108.0045,107.86175,108.0045
2022-06-13T18:00:00Z,107.8315,107.87225,107.55,107.55
2022-06-13T18:15:00Z,107.3785,107.4555,107.3355,107.4215
2022-06-13T18:30:00Z,107.285,107.4925,107.285,107.39625
2022-06-13T18:45:00Z,107.427,107.42875,107.191,107.1965
2022-06-13T19:00:00Z,107.025,107.025,106.7865,106.7865
2022-06-13T19:15:00Z,106.433,106.653,106.332,106.3805
2022-06-13T19:30:00Z,106.2,106.565,106.2,106.5545
2022-06-13T19:45:00Z,106.6005,106.6005,106.355,106.431
2022-06-14T13:30:00Z,107.053,107.053,106.161,106.161
2022-06-14T13:45:00Z,106.3865,107.22,106.374,107.22
2022-06-14T14:00:00Z,107.2495,107.3435,106.9135,106.9135
2022-06-14T14:15:00Z,106.834,106.841,106.4685,106.542
2022-06-14T14:30:00Z,106.263,106.5255,106.205,106.205
2022-06-14T14:45:00Z,107.0685,107.0685,106.6245,106.6245
2022-06-14T15:00:00Z,106.5695,106.5695,106.05,106.05
2022-06-14T15:15:00Z,105.916,106.116,105.81775,106.116
2022-06-14T15:30:00Z,106.586,106.759,106.419,106.65
2022-06-14T15:45:00Z,106.7025,107.1,106.7025,107.1
2022-06-14T16:00:00Z,106.869,106.869,106.743,106.743
2022-06-14T16:15:00Z,106.5645,107.029,106.5645,106.925
2022-06-14T16:30:00Z,106.7005,106.7005,106.7005,106.7005
2022-06-14T16:45:00Z,107.067,107.067,107.067,107.067
2022-06-14T17:00:00Z,107.1695,107.6065,107.05,107.6065
2022-06-14T17:15:00Z,107.55125,107.723,107.4315,107.4315
2022-06-14T17:30:00Z,107.262,107.262,106.805,106.8095
2022-06-14T17:45:00Z,106.82,106.82,106.816,106.816
2022-06-14T18:00:00Z,106.7555,106.988,106.7555,106.988
2022-06-14T18:30:00Z,106.9365,106.95525,106.9365,106.95525
2022-06-14T18:45:00Z,106.896,106.896,106.59,106.59
2022-06-14T19:00:00Z,106.506,106.54975,106.35,106.35
2022-06-14T19:15:00Z,106.1895,106.349,106.075,106.349
2022-06-14T19:30:00Z,106.782,107.305,106.751,107.1745
2022-06-14T19:45:00Z,106.9705,107.212,106.6225,106.629
2022-06-15T13:30:00Z,108.388,108.867,108.1,108.781
2022-06-15T13:45:00Z,108.7785,108.8005,108.0205,108.2925
2022-06-15T14:00:00Z,108.6,108.7985,108.3245,108.3245
2022-06-15T14:15:00Z,108.1405,108.1405,108.1405,108.1405
2022-06-15T14:30:00Z,108.3465,108.3465,108.3465,108.3465
2022-06-15T14:45:00Z,108.24,108.24,108.0725,108.0725
2022-06-15T15:00:00Z,108.4955,108.6915,108.4955,108.5445
2022-06-15T15:15:00Z,108.4885,108.551,108.439,108.439
2022-06-15T15:30:00Z,108.5415,108.64725,108.5415,108.64725
2022-06-15T15:45:00Z,108.7705,108.9245,108.699,108.9105
2022-06-15T16:00:00Z,109.02375,109.2045,109.02375,109.075
2022-06-15T16:15:00Z,109.121,109.178,109.1115,109.178
2022-06-15T16:30:00Z,109.149,109.149,108.899,108.899
2022-06-15T16:45:00Z,108.9605,108.9605,108.686,108.7055
2022-06-15T17:00:00Z,108.703,108.703,108.703,108.703
2022-06-15T17:15:00Z,108.951,109.137,108.951,109.137
2022-06-15T17:30:00Z,109.2035,109.324,109.16,109.318
2022-06-15T17:45:00Z,109.168,109.389,108.9185,109.32
2022-06-15T18:00:00Z,109.7495,109.7495,108.1,108.706
2022-06-15T18:15:00Z,108.8,109.096,108.8,109.096
2022-06-15T18:30:00Z,107.8395,110.45,107.8055,110.45
2022-06-15T18:45:00Z,110.6205,110.6205,109.2255,109.2255
2022-06-15T19:00:00Z,109.965,109.9765,109.965,109.9765
2022-06-15T19:15:00Z,109.492,110.5135,109.4575,110.439
2022-06-15T19:30:00Z,110.5375,111.3095,110.0215,110.0785
2022-06-15T19:45:00Z,109.8575,110.2535,109.5595,109.802
2022-06-16T13:30:00Z,107.254,108.2645,107.0055,107.682
2022-06-16T13:45:00Z,107.908,108.5515,107.908,108.269
2022-06-16T14:00:00Z,108.138,108.138,107.1505,107.316
2022-06-16T14:15:00Z,107.4415,107.898,107.4365,107.684
2022-06-16T14:30:00Z,107.5515,107.6005,106.976,106.976
2022-06-16T14:45:00Z,106.8775,107.0105,106.722,106.8135
2022-06-16T15:00:00Z,106.8835,107.0175,106.543,107.0175
2022-06-16T15:15:00Z,107.1855,107.2585,106.9485,107.2395
2022-06-16T15:30:00Z,106.8,106.8,106.295,106.295
2022-06-16T15:45:00Z,106.3605,106.5365,106.252,106.5365
2022-06-16T16:00:00Z,106.467,106.4705,105.7535,105.7535
2022-06-16T16:15:00Z,105.8325,106.0475,105.8325,106.0475
2022-06-16T16:30:00Z,106.2075,106.2075,105.9525,106.0505
2022-06-16T16:45:00Z,106.1615,106.1615,105.935,106.004
2022-06-16T17:00:00Z,106.0955,106.0985,106.008,106.041
2022-06-16T17:15:00Z,106.014,106.1125,105.8,106.112
2022-06-16T17:30:00Z,106.1915,106.1915,105.632,105.632
2022-06-16T17:45:00Z,105.5915,105.6505,105.4,105.4
2022-06-16T18:00:00Z,105.4155,105.452,105.2845,105.452
2022-06-16T18:15:00Z,105.5275,105.5605,105.4565,105.4565
2022-06-16T18:30:00Z,105.4595,105.6175,105.459,105.6175
2022-06-16T18:45:00Z,105.341,105.624,105.323,105.624
2022-06-16T19:00:00Z,105.9475,106.295,105.85,106.0345
2022-06-16T19:15:00Z,105.8,106.346,105.8,106.1305
2022-06-16T19:30:00Z,106.19025,106.19025,105.7185,105.849
2022-06-16T19:45:00Z,105.67,106.085,105.5695,106.085
2022-06-17T13:30:00Z,106.343,107.22,106.343,107.2015
2022-06-17T13:45:00Z,106.892,107.35,106.892,107.0535
2022-06-17T14:00:00Z,106.864,106.864,106.829,106.8545
2022-06-17T14:15:00Z,106.64,106.64,106.0035,106.1045
2022-06-17T14:30:00Z,105.4215,105.553,105.248,105.248
2022-06-17T14:45:00Z,105.1615,105.2775,105.1615,105.2775
2022-06-17T15:00:00Z,105.5095,106.4345,105.45,106.405
2022-06-17T15:15:00Z,106.1265,106.95,106.1185,106.8875
2022-06-17T15:30:00Z,106.915,107,106.5795,106.5795
2022-06-17T15:45:00Z,106.4365,106.4365,106.1955,106.1955
2022-06-17T16:00:00Z,106.1935,106.2885,106.02575,106.2885
2022-06-17T16:15:00Z,106.358,106.358,105.9945,105.9945
2022-06-17T16:30:00Z,106.0575,106.625,106.0575,106.625
2022-06-17T16:45:00Z,106.6165,106.6175,106.5675,106.61
2022-06-17T17:00:00Z,107.0055,107.9505,107.0055,107.8155
2022-06-17T17:15:00Z,107.6675,107.6675,107.579,107.585
2022-06-17T17:30:00Z,107.634,108.0285,107.634,108.0285
2022-06-17T17:45:00Z,107.624,107.826,107.622,107.82
2022-06-17T18:00:00Z,108.0345,108.2575,108.0345,108.2575
2022-06-17T18:15:00Z,108.501,108.645,108.4,108.419
2022-06-17T18:30:00Z,108.275,108.275,107.9235,108.228
2022-06-17T18:45:00Z,107.813,107.842,107.641,107.641
2022-06-17T19:00:00Z,107.761,107.909,107.372,107.372
2022-06-17T19:15:00Z,107.325,107.9525,107.325,107.925
2022-06-17T19:30:00Z,107.937,107.937,107.3315,107.58
2022-06-17T19:45:00Z,107.41,107.6345,107.0535,107.091
2022-06-17T20:30:00Z,107.275,107.275,107.275,107.275
2022-06-21T11:45:00Z,108.63,108.63,108.63,108.63
2022-06-21T13:30:00Z,108.9295,111.427,108.6705,111.144
2022-06-21T13:45:00Z,110.7535,110.873,110.5,110.8525
2022-06-21T14:00:00Z,110.887,111.453,110.887,111.3445
2022-06-21T14:15:00Z,111.4945,112.058,111.4945,111.814
2022-06-21T14:30:00Z,111.9,111.9,111.6495,111.7805
2022-06-21T14:45:00Z,111.65,112.137,111.65,112.137
2022-06-21T15:00:00Z,112.16,112.311,112.0555,112.1175
2022-06-21T15:15:00Z,112.2475,112.248,112.07,112.139
2022-06-21T15:30:00Z,112.256,112.28075,111.88725,111.9765
2022-06-21T15:45:00Z,112.04,112.25,112.04,112.065
2022-06-21T16:00:00Z,111.9255,112.0365,111.718,111.75
2022-06-21T16:15:00Z,111.868,111.868,111.868,111.868
2022-06-21T16:30:00Z,111.8565,112.1085,111.856,112.1085
2022-06-21T16:45:00Z,112.1275,112.1275,112,112
2022-06-21T17:00:00Z,111.985,111.985,111.759,111.759
2022-06-21T17:15:00Z,111.8835,112.1195,111.8835,111.981
2022-06-21T17:30:00Z,112.0345,112.11,112.0205,112.0205
2022-06-21T17:45:00Z,112.1045,112.1045,111.959,111.959
2022-06-21T18:00:00Z,111.7875,111.7875,111.5695,111.5695
2022-06-21T18:15:00Z,111.6,111.6995,111.6,111.6995
2022-06-21T18:30:00Z,111.7475,111.8445,111.714,111.763
2022-06-21T18:45:00Z,111.689,111.9945,111.65,111.9945
2022-06-21T19:00:00Z,112.1345,112.278,112.0415,112.1075
2022-06-21T19:15:00Z,112.0135,112.02025,111.896,111.93
2022-06-21T19:30:00Z,111.958,111.9785,111.7535,111.825
2022-06-21T19:45:00Z,111.7925,112.107,111.4845,111.5095
2022-06-22T13:30:00Z,110.4895,111.5045,110.4535,111.5045
2022-06-22T13:45:00Z,111.7095,112.2595,111.3525,111.94225
2022-06-22T14:00:00Z,112.004,112.19,111.8015,112.19
2022-06-22T14:15:00Z,112.29125,113.006,112.29125,113.006
2022-06-22T14:30:00Z,112.983,113.223,112.926,113.223
2022-06-22T14:45:00Z,112.668,112.6755,112.4905,112.59
2022-06-22T15:00:00Z,112.318,112.3865,112.318,112.3865
2022-06-22T15:15:00Z,112.537,112.537,112.537,112.537
2022-06-22T15:30:00Z,112.753,112.753,112.2975,112.2975
2022-06-22T15:45:00Z,111.9435,111.9435,111.9435,111.9435
2022-06-22T16:00:00Z,112.147,112.147,111.877,112.05
2022-06-22T16:15:00Z,112.3855,112.3965,112.28,112.382
2022-06-22T16:30:00Z,112.4265,112.4265,112.4265,112.4265
2022-06-22T16:45:00Z,112.475,112.75,112.4325,112.75
2022-06-22T17:00:00Z,112.749,112.749,112.749,112.749
2022-06-22T17:15:00Z,112.803,112.9725,112.803,112.9725
2022-06-22T17:30:00Z,112.962,112.962,112.962,112.962
2022-06-22T17:45:00Z,112.7585,112.7585,112.65,112.6825
2022-06-22T18:00:00Z,112.75,113.16,112.75,113.16
2022-06-22T18:15:00Z,113.219,113.219,112.946,112.946
2022-06-22T18:30:00Z,112.9155,112.9905,112.9025,112.9025
2022-06-22T19:00:00Z,112.831,112.9095,112.831,112.902
2022-06-22T19:15:00Z,112.5425,112.5425,112.4775,112.4775
2022-06-22T19:30:00Z,112.0155,112.0155,111.6155,111.784
2022-06-22T19:45:00Z,111.73375,112.134,111.3495,111.5145
2022-06-23T13:30:00Z,112.086,112.086,111.2855,111.749
2022-06-23T13:45:00Z,111.658,112,111.0535,111.7285
2022-06-23T14:00:00Z,112.0405,112.2645,111.576,111.621
2022-06-23T14:15:00Z,111.604,112.2755,111.604,112.2755
2022-06-23T14:30:00Z,112.18225,112.562,111.95,112.562
2022-06-23T14:45:00Z,112.6305,112.668,112.482,112.5725
2022-06-23T15:00:00Z,112.2655,112.5,112.122,112.479
2022-06-23T15:15:00Z,112.208,112.23,112.208,112.23
2022-06-23T15:30:00Z,112.0755,112.0755,112.069,112.069
2022-06-23T15:45:00Z,112,112,112,112
2022-06-23T16:00:00Z,111.8975,111.8975,111.34,111.34
2022-06-23T16:15:00Z,111.6355,111.7275,111.6355,111.6895
2022-06-23T16:30:00Z,111.6925,111.6925,111.066,111.066
2022-06-23T16:45:00Z,111.064,111.2355,111.064,111.2355
2022-06-23T17:00:00Z,110.85,110.9635,110.7,110.9635
2022-06-23T17:15:00Z,110.866,110.954,110.739,110.739
2022-06-23T17:30:00Z,110.67925,110.67925,110.5945,110.6595
2022-06-23T17:45:00Z,110.6175,110.9635,110.6175,110.9035
2022-06-23T18:00:00Z,110.9085,110.9085,110.84725,110.8825
2022-06-23T18:15:00Z,110.836,111.0455,110.836,111.0455
2022-06-23T18:30:00Z,111.3835,111.429,111.314,111.314
2022-06-23T18:45:00Z,111.2795,111.3025,111.2795,111.2975
2022-06-23T19:00:00Z,111.52,111.6845,111.4955,111.5395
2022-06-23T19:15:00Z,111.5935,111.6475,111.49,111.6475
2022-06-23T19:30:00Z,111.7405,112.0385,111.7405,111.995
2022-06-23T19:45:00Z,111.983,112.6835,111.983,112.2915
2022-06-24T13:00:00Z,113.3,113.3,113.3,113.3
2022-06-24T13:30:00Z,113.35,115.1075,113.35,115.1045
2022-06-24T13:45:00Z,115.072,115.4105,114.8775,115.381
2022-06-24T14:00:00Z,115.4685,117.0475,115.4685,116.686
2022-06-24T14:15:00Z,116.662,116.7475,116.0955,116.5085
2022-06-24T14:30:00Z,116.3975,116.4135,116.003,116.003
2022-06-24T14:45:00Z,116.0745,116.65,116.0745,116.65
2022-06-24T15:00:00Z,116.6405,116.7915,116.6405,116.7565
2022-06-24T15:15:00Z,116.5715,116.5715,116.231,116.4155
2022-06-24T15:30:00Z,116.3665,116.3665,116.3665,116.3665
2022-06-24T15:45:00Z,116.502,116.502,116.502,116.502
2022-06-24T16:00:00Z,116.6,116.762,116.6,116.762
2022-06-24T16:15:00Z,116.684,116.684,116.556,116.622
2022-06-24T16:30:00Z,116.587,116.587,116.4215,116.4215
2022-06-24T16:45:00Z,116.3705,116.5315,116.3705,116.511
2022-06-24T17:00:00Z,116.4905,116.544,116.4905,116.50625
2022-06-24T17:15:00Z,116.466,116.4695,116.466,116.4695
2022-06-24T17:45:00Z,116.461,116.476,116.4465,116.4705
2022-06-24T18:00:00Z,116.5275,116.564,116.457,116.564
2022-06-24T18:15:00Z,116.5945,116.605,116.5075,116.6
2022-06-24T18:30:00Z,116.6975,116.6975,116.56,116.5865
2022-06-24T18:45:00Z,116.6775,116.6775,116.6775,116.6775
2022-06-24T19:00:00Z,116.6905,116.8495,116.577,116.8405
2022-06-24T19:15:00Z,116.943,117.2285,116.943,117.203
2022-06-24T19:30:00Z,117.2185,117.2595,117.0785,117.1255
2022-06-24T19:45:00Z,117.1775,118.035,117.1775,118.029
2022-06-24T20:00:00Z,117.952,117.952,117.952,117.952
2022-06-24T20:15:00Z,117.975,117.975,117.975,117.975
2022-06-27T13:30:00Z,118.4405,118.5075,116.997,116.997
2022-06-27T13:45:00Z,117,117.534,116.5115,117.15
2022-06-27T14:00:00Z,117.6285,117.733,116.906,117
2022-06-27T14:15:00Z,116.87075,117.0455,116.87075,116.93375
2022-06-27T14:30:00Z,117.101,117.101,117.101,117.101
2022-06-27T14:45:00Z,117.2655,117.6565,117.258,117.6565
2022-06-27T15:00:00Z,117.3705,117.3705,116.84,116.9075
2022-06-27T15:15:00Z,116.732,117.076,116.732,117.076
2022-06-27T15:30:00Z,116.85,116.85,116.8,116.8
2022-06-27T15:45:00Z,116.91,116.91,116.75,116.8625
2022-06-27T16:00:00Z,116.661,116.661,116.459,116.459
2022-06-27T16:15:00Z,116.337,116.337,115.929,116.024
2022-06-27T16:30:00Z,115.93,115.93,115.812,115.8265
2022-06-27T16:45:00Z,115.90475,116.1335,115.878,116.1335
2022-06-27T17:00:00Z,116.1585,116.1585,115.9405,115.9405
2022-06-27T17:15:00Z,116.213,116.26275,116.05,116.05
2022-06-27T17:30:00Z,115.95,115.95,115.79,115.79
2022-06-27T17:45:00Z,115.5555,115.7385,115.5555,115.7385
2022-06-27T18:00:00Z,115.39,115.413,115.3615,115.3615
2022-06-27T18:15:00Z,115.5,115.8225,115.4765,115.4785
2022-06-27T18:30:00Z,115.469,115.5825,115.469,115.5825
2022-06-27T18:45:00Z,115.6285,115.6285,115.4955,115.4955
2022-06-27T19:00:00Z,115.401,115.716,115.2385,115.716
2022-06-27T19:15:00Z,115.716,115.7265,115.6675,115.7265
2022-06-27T19:30:00Z,115.1865,115.4695,115.1865,115.4275
2022-06-27T19:45:00Z,115.9255,116.14125,115.4235,115.819
2022-06-27T20:15:00Z,116.1395,116.1395,116.1395,116.1395
2022-06-28T13:30:00Z,116.498,117.244,116.053,116.053
2022-06-28T13:45:00Z,115.851,115.851,115.419,115.7495
2022-06-28T14:00:00Z,115.8455,115.8455,115.15,115.15
2022-06-28T14:15:00Z,115.2275,115.2275,114.7145,114.7145
2022-06-28T14:30:00Z,114.338,114.451,113.8435,114.451
2022-06-28T14:45:00Z,114.1475,114.3315,114.0325,114.3315
2022-06-28T15:00:00Z,114.2565,114.327,114.24,114.327
2022-06-28T15:15:00Z,114.155,114.155,113.783,113.783
2022-06-28T15:30:00Z,113.65,113.805,113.169,113.169
2022-06-28T15:45:00Z,113.233,113.233,112.9345,112.9345
2022-06-28T16:00:00Z,112.74,112.9115,112.637,112.9115
2022-06-28T16:15:00Z,112.6415,112.6415,112.3875,112.6185
2022-06-28T16:30:00Z,112.4975,112.8905,112.4305,112.8905
2022-06-28T16:45:00Z,112.9665,112.9665,112.6985,112.8155
2022-06-28T17:00:00Z,112.54,112.54,112.3085,112.3085
2022-06-28T17:15:00Z,112.3285,112.3295,112.161,112.161
2022-06-28T17:30:00Z,112.429,112.429,112.2505,112.2505
2022-06-28T17:45:00Z,112.321,112.3985,112.321,112.3985
2022-06-28T18:00:00Z,112.1865,112.321,112.1865,112.321
2022-06-28T18:15:00Z,112.338,112.58825,112.338,112.58325
2022-06-28T18:30:00Z,112.6185,112.6185,112.479,112.546
2022-06-28T19:00:00Z,112.499,112.499,112.249,112.249
2022-06-28T19:15:00Z,112.248,112.433,112.248,112.3525
2022-06-28T19:30:00Z,112.401,112.425,112.252,112.252
2022-06-28T19:45:00Z,112.248,112.2695,111.8625,112.0475
2022-06-29T13:30:00Z,111.695,111.8895,111.269,111.4595
2022-06-29T13:45:00Z,111.178,112.5785,111.178,112.483
2022-06-29T14:00:00Z,112.35,113.1,112.35,112.75
2022-06-29T14:15:00Z,112,112.3865,111.9695,112.3865
2022-06-29T14:30:00Z,111.8875,112.05,111.863,112.05
2022-06-29T14:45:00Z,112.298,112.298,112.298,112.298
2022-06-29T15:00:00Z,111.853,111.87,111.659,111.726
2022-06-29T15:15:00Z,111.9555,111.9555,111.814,111.814
2022-06-29T15:30:00Z,111.81,112.2695,111.81,112.2525
2022-06-29T15:45:00Z,112.0645,112.0645,112.0355,112.0355
2022-06-29T16:00:00Z,111.619,111.619,111.619,111.619
2022-06-29T16:15:00Z,111.4405,111.4405,111.0005,111.0005
2022-06-29T16:30:00Z,111.2035,111.2035,111.2035,111.2035
2022-06-29T16:45:00Z,111.096,111.096,111.096,111.096
2022-06-29T17:00:00Z,111.24,111.339,111.045,111.045
2022-06-29T17:15:00Z,110.91325,111.131,110.91325,111.131
2022-06-29T17:30:00Z,111.0505,111.311,111.0505,111.311
2022-06-29T17:45:00Z,111.11575,111.25475,111.11575,111.25475
2022-06-29T18:00:00Z,111.2195,111.52825,111.2195,111.4435
2022-06-29T18:15:00Z,111.425,111.425,111.18675,111.24625
2022-06-29T18:30:00Z,111.132,111.2215,110.971,110.9835
2022-06-29T18:45:00Z,110.9315,110.9315,110.9155,110.9155
2022-06-29T19:00:00Z,111.147,111.147,111.147,111.147
2022-06-29T19:15:00Z,111.322,111.5375,111.322,111.5375
2022-06-29T19:45:00Z,111.4165,111.7805,111.1835,111.684
2022-06-30T13:30:00Z,110.6505,110.6505,108.3275,108.3275
2022-06-30T13:45:00Z,108.315,108.46025,107.8005,107.8005
2022-06-30T14:00:00Z,107.475,107.475,106.7775,107.25275
2022-06-30T14:15:00Z,107.2,107.596,107.116,107.596
2022-06-30T14:30:00Z,107.664,108.3025,107.664,108.1535
2022-06-30T14:45:00Z,107.892,108.79,107.858,108.79
2022-06-30T15:00:00Z,108.2655,108.645,108.2655,108.645
2022-06-30T15:15:00Z,108.6735,109.6875,108.6735,109.6075
2022-06-30T15:30:00Z,109.077,109.077,109.077,109.077
2022-06-30T15:45:00Z,109.38,109.9225,109.3795,109.9225
2022-06-30T16:00:00Z,110.05,110.0535,109.2735,109.3
2022-06-30T16:15:00Z,110.371,110.5,110.371,110.4705
2022-06-30T16:30:00Z,110.702,110.817,110.24475,110.4055
2022-06-30T16:45:00Z,110.2295,110.335,110.2295,110.335
2022-06-30T17:00:00Z,110.366,110.368,109.8415,109.8415
2022-06-30T17:15:00Z,109.699,109.713,109.6235,109.713
2022-06-30T18:00:00Z,109.915,109.915,109.915,109.915
2022-06-30T18:15:00Z,109.633,109.6445,109.633,109.6445
2022-06-30T18:30:00Z,109.852,109.852,109.7615,109.7615
2022-06-30T18:45:00Z,109.324,109.324,109.1855,109.1855
2022-06-30T19:00:00Z,109.0205,109.0205,108.4325,108.4805
2022-06-30T19:15:00Z,108.47,109.127,108.47,109.127
2022-06-30T19:30:00Z,109.254,109.3505,108.818,108.879
2022-06-30T19:45:00Z,108.8675,109.2145,108.517,108.9825
2022-07-01T13:30:00Z,108.4745,108.4745,107.1945,107.7405
2022-07-01T13:45:00Z,107.9595,108.94,107.9595,108.67575
2022-07-01T14:00:00Z,108.57025,109.235,108.251,108.251
2022-07-01T14:15:00Z,108.142,108.142,107.615,107.6665
2022-07-01T14:30:00Z,107.097,107.097,107.097,107.097
2022-07-01T14:45:00Z,106.939,107.0395,106.939,106.9665
2022-07-01T15:00:00Z,107.077,107.2855,106.8165,107.2855
2022-07-01T15:15:00Z,107.757,107.78,107.5435,107.5435
2022-07-01T15:30:00Z,107.6625,107.789,107.6495,107.789
2022-07-01T15:45:00Z,107.5325,107.5325,107.323,107.3635
2022-07-01T16:00:00Z,107.251,107.295,107.251,107.295
2022-07-01T16:15:00Z,107.552,107.552,107.5105,107.527
2022-07-01T16:30:00Z,107.44,107.44,107.248,107.248
2022-07-01T16:45:00Z,107.19,107.19,107.001,107.001
2022-07-01T17:15:00Z,106.9835,106.9835,106.971,106.971
2022-07-01T17:30:00Z,107.0985,107.4645,107.0985,107.432
2022-07-01T17:45:00Z,107.5525,107.5525,107.3545,107.3545
2022-07-01T18:00:00Z,107.44475,107.44475,107.346,107.346
2022-07-01T18:15:00Z,107.5165,107.9015,107.516,107.885
2022-07-01T18:30:00Z,107.95,108.1075,107.8965,107.933
2022-07-01T18:45:00Z,108.025,108.0585,107.842,107.925
2022-07-01T19:00:00Z,107.9715,108.0895,107.7325,108.0895
2022-07-01T19:15:00Z,108.152,108.2275,107.9425,108.2275
2022-07-01T19:30:00Z,108.2975,108.7575,108.2975,108.7575
2022-07-01T19:45:00Z,108.554,108.675,108.345,108.5845
2022-07-01T20:00:00Z,108.7175,108.7175,108.7175,108.7175
2022-07-05T13:30:00Z,106.9975,107.08,105.75,106.28
2022-07-05T13:45:00Z,106.5,107.2095,106.5,106.594
2022-07-05T14:00:00Z,106.954,107.46,106.4815,107.46
2022-07-05T14:15:00Z,107.4575,108.2475,107.412,108.21
2022-07-05T14:30:00Z,108.8885,109.2425,108.8885,109.2425
2022-07-05T14:45:00Z,108.7995,108.7995,108.5,108.677
2022-07-05T15:00:00Z,108.5395,108.5395,108.0685,108.3865
2022-07-05T15:15:00Z,108.49925,108.809,108.49925,108.809
2022-07-05T15:30:00Z,108.9435,109.291,108.9435,109.291
2022-07-05T15:45:00Z,109.4,110,109.4,109.7585
2022-07-05T16:00:00Z,109.7585,110.207,109.5,110.16
2022-07-05T16:15:00Z,110.125,110.3765,110.125,110.3765
2022-07-05T16:30:00Z,110.6445,110.725,110.563,110.662
2022-07-05T16:45:00Z,110.4375,110.58775,110.4375,110.58775
2022-07-05T17:00:00Z,110.4415,110.998,110.4415,110.998
2022-07-05T17:15:00Z,110.998,111.5275,110.998,111.48
2022-07-05T17:30:00Z,111.5475,112.046,111.5475,111.929
2022-07-05T17:45:00Z,111.6,111.6,111.6,111.6
2022-07-05T18:00:00Z,111.9785,111.9785,111.9545,111.9545
2022-07-05T18:15:00Z,111.885,112.5175,111.885,112.5175
2022-07-05T18:30:00Z,112.6275,113.116,112.6275,112.7695
2022-07-05T18:45:00Z,112.8525,112.9285,112.7445,112.875
2022-07-05T19:00:00Z,112.8315,113.0815,112.767,112.9085
2022-07-05T19:15:00Z,112.8735,113.1025,112.5245,113.1025
2022-07-05T19:30:00Z,112.96525,113.2605,112.96525,113.232
2022-07-05T19:45:00Z,113.3225,113.3225,112.924,113.3185
2022-07-06T13:30:00Z,113.423,113.699,112.2095,112.611
2022-07-06T13:45:00Z,112.26,113.2555,111.5725,113.2555
2022-07-06T14:00:00Z,113.1475,113.836,112.68775,112.962
2022-07-06T14:15:00Z,113.22475,113.6035,113.1705,113.506
2022-07-06T14:30:00Z,113.5625,113.798,113.49525,113.7145
2022-07-06T14:45:00Z,113.688,113.688,113.381,113.6235
2022-07-06T15:00:00Z,113.745,113.745,113.29,113.304
2022-07-06T15:15:00Z,113.4645,113.5105,113.459,113.5105
2022-07-06T15:30:00Z,112.907,112.907,112.907,112.907
2022-07-06T15:45:00Z,113.073,113.099,113.073,113.099
2022-07-06T16:00:00Z,113.0705,113.216,113.0705,113.216
2022-07-06T16:30:00Z,113.594,113.594,113.594,113.594
2022-07-06T16:45:00Z,113.6075,113.61425,113.6,113.61425
2022-07-06T17:00:00Z,113.7905,113.7905,113.7265,113.7905
2022-07-06T17:15:00Z,113.79075,113.79075,113.664,113.6675
2022-07-06T17:30:00Z,113.7255,113.7255,113.7045,113.7045
2022-07-06T17:45:00Z,113.723,113.924,113.723,113.924
2022-07-06T18:00:00Z,113.678,114.2685,113.4435,113.4435
2022-07-06T18:15:00Z,113.5,113.7665,113.323,113.7665
2022-07-06T18:30:00Z,113.923,114.282,113.857,114.257
2022-07-06T18:45:00Z,114.475,114.846,114.3925,114.8015
2022-07-06T19:00:00Z,114.8265,115.15,114.5775,115.139
2022-07-06T19:15:00Z,115.1575,115.491,115.1325,115.4875
2022-07-06T19:30:00Z,115.41,115.5545,115.0455,115.0455
2022-07-06T19:45:00Z,115.0665,115.0665,114.2385,114.561
2022-07-07T12:15:00Z,115.04,115.04,115.04,115.04
2022-07-07T13:30:00Z,115.477,116.2785,114.968,116.20125
2022-07-07T13:45:00Z,116.212,116.4,115.984,116.0185
2022-07-07T14:00:00Z,115.9135,116.231,115.7465,116.05
2022-07-07T14:15:00Z,116.418,116.6745,116.2675,116.4985
2022-07-07T14:30:00Z,116.7075,116.981,116.621,116.891
2022-07-07T14:45:00Z,116.7125,117.127,116.7125,117.048
2022-07-07T15:00:00Z,117.047,117.2435,117.047,117.1485
2022-07-07T15:15:00Z,117.077,117.0785,116.7755,116.776
2022-07-07T15:30:00Z,116.752,117.3435,116.752,117.3385
2022-07-07T15:45:00Z,117.34,117.5,117.326,117.4095
2022-07-07T16:00:00Z,117.45,117.4805,117.313,117.313
2022-07-07T16:15:00Z,117.2315,117.301,117.162,117.275
2022-07-07T16:30:00Z,117.4655,117.7195,117.4655,117.7195
2022-07-07T16:45:00Z,117.755,117.8745,117.755,117.7995
2022-07-07T17:00:00Z,117.8715,118.0485,117.821,117.83
2022-07-07T17:15:00Z,117.774,117.8805,117.774,117.801
2022-07-07T17:30:00Z,117.7765,117.904,117.66175,117.904
2022-07-07T17:45:00Z,118.244,118.493,118.1325,118.493
2022-07-07T18:00:00Z,118.5615,118.682,118.5615,118.682
2022-07-07T18:15:00Z,118.6415,118.9705,118.64,118.964
2022-07-07T18:30:00Z,118.89975,118.9775,118.634,118.6555
2022-07-07T18:45:00Z,118.5475,118.757,118.5475,118.72925
2022-07-07T19:00:00Z,118.8035,119.05,118.7945,119.05
2022-07-07T19:15:00Z,119.10275,119.1895,118.746,118.746
2022-07-07T19:30:00Z,118.7225,118.901,118.6305,118.682
2022-07-07T19:45:00Z,118.69875,119.0625,118.69875,118.7795
2022-07-08T13:30:00Z,117.4175,118.323,117.4175,118.2405
2022-07-08T13:45:00Z,118.15,118.15,117.135,117.649
2022-07-08T14:00:00Z,117.5005,118.5935,117.5,118.5915
2022-07-08T14:15:00Z,118.531,118.6435,118.1825,118.6435
2022-07-08T14:30:00Z,118.7495,118.7495,118.367,118.367
2022-07-08T14:45:00Z,118.5135,118.526,118.2025,118.33
2022-07-08T15:00:00Z,118.6675,119.0625,118.6675,119.05
2022-07-08T15:15:00Z,119.3185,119.612,119.3185,119.6115
2022-07-08T15:30:00Z,119.6465,119.6465,119.386,119.3955
2022-07-08T15:45:00Z,119.422,119.422,119.422,119.422
2022-07-08T16:00:00Z,119.1745,119.184,118.9925,118.9925
2022-07-08T16:15:00Z,118.9615,118.9615,118.2145,118.2145
2022-07-08T16:30:00Z,118.105,118.308,117.949,118.002
2022-07-08T16:45:00Z,117.886,117.895,117.886,117.895
2022-07-08T17:00:00Z,118.2755,118.82,118.25,118.7745
2022-07-08T17:15:00Z,118.716,118.7715,118.6725,118.7715
2022-07-08T17:30:00Z,119.0355,119.172,118.994,119.1295
2022-07-08T17:45:00Z,119.172,119.2525,119.052,119.09
2022-07-08T18:00:00Z,119.0025,119.2915,119.0025,119.2535
2022-07-08T18:15:00Z,119.229,119.3905,119.229,119.3905
2022-07-08T18:30:00Z,119.29,119.442,119.29,119.442
2022-07-08T18:45:00Z,119.286,119.286,119.132,119.1905
2022-07-08T19:00:00Z,119.155,119.235,119.125,119.147
2022-07-08T19:15:00Z,119.144,119.144,118.413,118.415
2022-07-08T19:30:00Z,118.993,119.0645,118.8775,119.0645
2022-07-08T19:45:00Z,119.248,119.4695,119.2225,119.4695
2022-07-08T20:00:00Z,119.3535,119.3535,119.3535,119.3535
2022-07-11T13:30:00Z,117.895,117.895,115.8065,115.923
2022-07-11T13:45:00Z,116.142,116.142,115.798,116.0615
2022-07-11T14:00:00Z,115.793,116.4975,115.727,116.4975
2022-07-11T14:15:00Z,116.762,116.762,116.452,116.452
2022-07-11T14:30:00Z,116.7585,117.033,116.7125,117.033
2022-07-11T14:45:00Z,116.7045,116.7045,116.7045,116.7045
2022-07-11T15:00:00Z,116.5675,117,116.5675,117
2022-07-11T15:15:00Z,116.9285,116.9285,116.905,116.905
2022-07-11T15:30:00Z,116.741,116.965,116.741,116.75
2022-07-11T15:45:00Z,116.698,116.698,116.5955,116.5955
2022-07-11T16:00:00Z,116.692,116.692,116.692,116.692
2022-07-11T16:15:00Z,116.602,116.602,116.305,116.305
2022-07-11T16:30:00Z,116.505,116.505,116.34,116.34
2022-07-11T17:00:00Z,116.4,116.537,116.4,116.537
2022-07-11T17:15:00Z,116.481,116.48975,116.481,116.48975
2022-07-11T17:30:00Z,116.3075,116.442,116.3075,116.4
2022-07-11T17:45:00Z,116.3635,116.371,116.3455,116.371
2022-07-11T18:00:00Z,116.169,116.179,115.948,115.948
2022-07-11T18:15:00Z,115.86425,115.963,115.86425,115.963
2022-07-11T18:30:00Z,115.925,115.925,115.86,115.86
2022-07-11T18:45:00Z,116.1165,116.1165,115.92,115.9865
2022-07-11T19:00:00Z,115.9015,115.9295,115.703,115.703
2022-07-11T19:15:00Z,115.794,115.794,115.642,115.7075
2022-07-11T19:30:00Z,115.875,115.939,115.708,115.939
2022-07-11T19:45:00Z,115.761,115.8375,115.3915,115.698
2022-07-12T13:30:00Z,116.4575,116.862,116.4065,116.4065
2022-07-12T13:45:00Z,116.1755,116.24,115.7315,115.7315
2022-07-12T14:00:00Z,114.99,115.1405,114.954,115.1405
2022-07-12T14:15:00Z,115.1515,115.1865,115.068,115.068
2022-07-12T14:30:00Z,115.286,115.70675,115.286,115.601
2022-07-12T14:45:00Z,115.1905,115.493,115.134,115.493
2022-07-12T15:00:00Z,115.701,116.074,115.5645,115.758
2022-07-12T15:15:00Z,115.7485,115.7485,115.7485,115.7485
2022-07-12T15:30:00Z,115.7825,115.7825,115.647,115.647
2022-07-12T15:45:00Z,115.26,115.4005,115.2195,115.337
2022-07-12T16:00:00Z,115.3555,115.3555,115.3555,115.3555
2022-07-12T16:15:00Z,115.4915,115.551,115.4225,115.551
2022-07-12T16:30:00Z,115.644,115.8405,115.644,115.763
2022-07-12T16:45:00Z,115.8085,115.9095,115.8085,115.8815
2022-07-12T17:00:00Z,115.5,115.528,115.5,115.528
2022-07-12T17:30:00Z,115.768,115.8415,115.768,115.825
2022-07-12T17:45:00Z,115.747,115.755,115.747,115.755
2022-07-12T18:00:00Z,115.6375,115.6375,115.509,115.509
2022-07-12T18:15:00Z,115.4735,115.4735,115.412,115.439
2022-07-12T18:30:00Z,115.241,115.241,115.022,115.209
2022-07-12T18:45:00Z,115.08,115.08,115.041,115.0505
2022-07-12T19:00:00Z,114.75,114.75,114,114.17
2022-07-12T19:15:00Z,114.0505,114.143,113.813,113.813
2022-07-12T19:30:00Z,113.98,113.98,113.7595,113.7595
2022-07-12T19:45:00Z,113.884,114.1805,113.875,114.0805
2022-07-13T12:45:00Z,111.7,111.7,111.7,111.7
2022-07-13T13:30:00Z,112.06,112.06,111.473,111.5
2022-07-13T13:45:00Z,111.685,112.186,111.25,112.15
2022-07-13T14:00:00Z,112.05,112.7525,112.05,112.7525
2022-07-13T14:15:00Z,112.677,112.748,112.15,112.6305
2022-07-13T14:30:00Z,112.48075,113.1455,112.48075,113.125
2022-07-13T14:45:00Z,113.8765,114.11775,113.2595,113.5
2022-07-13T15:00:00Z,113.545,113.586,113.34,113.586
2022-07-13T15:15:00Z,113.3295,113.3295,113.0445,113.0445
2022-07-13T15:30:00Z,112.9165,112.9165,112.672,112.6975
2022-07-13T15:45:00Z,112.435,112.789,112.37825,112.6875
2022-07-13T16:00:00Z,112.5,112.68,112.3575,112.3575
2022-07-13T16:15:00Z,112.166,112.166,112.116,112.1615
2022-07-13T16:30:00Z,112.13675,112.1885,112.1,112.1
2022-07-13T16:45:00Z,112.104,112.364,111.993,112.364
2022-07-13T17:00:00Z,112.5175,113.0255,112.45375,113.0255
2022-07-13T17:15:00Z,112.55,112.55,112.5145,112.5145
2022-07-13T17:30:00Z,112.389,112.459,112.169,112.169
2022-07-13T17:45:00Z,112.0625,112.288,111.947,112.2525
2022-07-13T18:00:00Z,111.7505,111.7505,111.436,111.606
2022-07-13T18:15:00Z,111.5,111.801,111.4665,111.801
2022-07-13T18:30:00Z,111.964,112.194,111.964,112.194
2022-07-13T18:45:00Z,112.198,112.198,111.9525,112.1745
2022-07-13T19:00:00Z,112.197,112.3,111.7,112.121
2022-07-13T19:15:00Z,112.167,112.1725,111.72075,111.7215
2022-07-13T19:30:00Z,111.6075,111.6555,111.3795,111.382
2022-07-13T19:45:00Z,111.367,111.5995,111.285,111.3665
2022-07-14T13:15:00Z,110.25,110.25,110.25,110.25
2022-07-14T13:30:00Z,110.419,110.419,108.94,109.1045
2022-07-14T13:45:00Z,109.1305,109.6,109.1305,109.156
2022-07-14T14:00:00Z,109.014,109.014,108.529,108.529
2022-07-14T14:15:00Z,108.5785,108.9815,108.5455,108.9155
2022-07-14T14:30:00Z,108.989,109.698,108.891,109.698
2022-07-14T14:45:00Z,109.5845,109.8165,109.5065,109.8165
2022-07-14T15:00:00Z,110.128,110.128,109.922,109.9735
2022-07-14T15:15:00Z,110.01,110.5125,110.01,110.395
2022-07-14T15:30:00Z,109.943,110.6305,109.68875,110.5965
2022-07-14T15:45:00Z,110.557,110.5985,110.557,110.5985
2022-07-14T16:00:00Z,110.309,110.309,110.183,110.183
2022-07-14T16:15:00Z,110.2275,110.2655,109.972,109.972
2022-07-14T16:30:00Z,110.199,110.199,110.1165,110.1165
2022-07-14T16:45:00Z,109.569,109.741,109.569,109.741
2022-07-14T17:00:00Z,109.5885,109.594,109.42025,109.449
2022-07-14T17:15:00Z,109.4755,109.6935,109.4755,109.6935
2022-07-14T17:30:00Z,110.073,110.48,110.073,110.48
2022-07-14T17:45:00Z,110.4245,110.4245,110.191,110.199
2022-07-14T18:00:00Z,110.1555,110.2905,110.1555,110.2065
2022-07-14T18:15:00Z,110.636,110.7875,110.636,110.6735
2022-07-14T18:30:00Z,110.706,111.093,110.648,110.648
2022-07-14T18:45:00Z,110.5095,110.7,110.5095,110.7
2022-07-14T19:00:00Z,110.722,110.722,110.338,110.575
2022-07-14T19:15:00Z,110.4675,111.0095,110.4675,111.0095
2022-07-14T19:30:00Z,111.0065,111.018,110.48,110.48
2022-07-14T19:45:00Z,110.485,110.49,110.2205,110.364
2022-07-15T11:00:00Z,110.9,110.9,110.9,110.9
2022-07-15T12:15:00Z,110.55,110.55,110.55,110.55
2022-07-15T13:15:00Z,111.75,111.75,111.75,111.75
2022-07-15T13:30:00Z,112.321,113.07,111.977,112.09925
2022-07-15T13:45:00Z,111.53075,111.53075,111.1145,111.3365
2022-07-15T14:00:00Z,111.588,112.1905,111.588,112.0155
2022-07-15T14:15:00Z,112.0875,112.3765,111.8415,112.1975
2022-07-15T14:30:00Z,112.3265,112.479,112.134,112.134
2022-07-15T14:45:00Z,112.017,112.074,111.832,111.8715
2022-07-15T15:00:00Z,112.131,112.45,112.131,112.45
2022-07-15T15:15:00Z,112.418,112.4355,112.418,112.4355
2022-07-15T15:30:00Z,112.1945,112.2685,112.183,112.2685
2022-07-15T15:45:00Z,112.037,112.127,111.8325,111.915
2022-07-15T16:00:00Z,111.85,111.85,111.8125,111.8125
2022-07-15T16:15:00Z,111.6175,111.71,111.59,111.65
2022-07-15T16:30:00Z,111.587,111.594,111.392,111.392
2022-07-15T16:45:00Z,111.3445,111.4035,111.3445,111.4035
2022-07-15T17:00:00Z,111.4505,111.5795,111.4505,111.5795
2022-07-15T17:15:00Z,111.444,111.613,111.425,111.613
2022-07-15T17:30:00Z,111.7275,111.889,111.7275,111.7445
2022-07-15T17:45:00Z,111.6865,111.716,111.617,111.6895
2022-07-15T18:00:00Z,111.739,111.739,111.42,111.455
2022-07-15T18:15:00Z,111.456,111.4725,111.3,111.339
2022-07-15T18:30:00Z,111.34,111.5045,111.34,111.4645
2022-07-15T18:45:00Z,111.6075,111.6075,111.417,111.467
2022-07-15T19:00:00Z,111.4075,111.469,111.3575,111.362
2022-07-15T19:15:00Z,111.449,111.55,111.405,111.5375
2022-07-15T19:30:00Z,111.464,111.464,111.3685,111.401
2022-07-15T19:45:00Z,111.4835,111.7855,111.1325,111.7585
2022-07-15T20:00:00Z,111.808,111.808,111.808,111.808
2022-07-15T20:30:00Z,111.775,111.775,111.775,111.775
2022-07-15T20:45:00Z,111.7885,111.7885,111.7885,111.7885
2022-07-15T21:00:00Z,111.8025,111.8025,111.775,111.775
2022-07-18T11:00:00Z,113.6,113.68,113.6,113.68
2022-07-18T11:15:00Z,113.5,113.68,113.5,113.68
2022-07-18T11:30:00Z,113.78,113.78,113.69,113.69
2022-07-18T11:45:00Z,113.63,113.7,113.63,113.66
2022-07-18T12:00:00Z,113.69,113.69,112.83,113.09
2022-07-18T12:15:00Z,112.76,112.84,112.76,112.79
2022-07-18T12:30:00Z,113,113,112.84,112.96
2022-07-18T12:45:00Z,113.03,113.15,112.78,113
2022-07-18T13:00:00Z,112.96,113.02,112.76,112.92
2022-07-18T13:15:00Z,112.89,113.4,112.46,112.58
2022-07-18T13:30:00Z,112.63,112.99,111.19,111.9
2022-07-18T13:45:00Z,111.95,113.6,111.92,113.19
2022-07-18T14:00:00Z,113.19,113.65,112.03,112.3
2022-07-18T14:15:00Z,112.36,112.43,111.5,111.57
2022-07-18T14:30:00Z,111.51,112.14,111.44,111.53
2022-07-18T14:45:00Z,111.51,111.68,111.04,111.62
2022-07-18T15:00:00Z,111.63,112.11,111.57,111.77
2022-07-18T15:15:00Z,111.605,111.73,111.2,111.62
2022-07-18T15:30:00Z,111.66,111.84,111.37,111.79
2022-07-18T15:45:00Z,111.81,111.94,111.55,111.9
2022-07-18T16:00:00Z,111.92,112.2,111.75,111.82
2022-07-18T16:15:00Z,111.88,112.03,111.67,111.75
2022-07-18T16:30:00Z,111.7,112,111.7,111.88
2022-07-18T16:45:00Z,111.85,111.85,111.47,111.51
2022-07-18T17:00:00Z,111.51,111.56,111.17,111.26
2022-07-18T17:15:00Z,111.19,111.23,110.53,110.85
2022-07-18T17:30:00Z,110.8,110.84,109.85,109.92
2022-07-18T17:45:00Z,109.88,110.01,108.7,109.16
2022-07-18T18:00:00Z,109.1,109.62,109.02,109.52
2022-07-18T18:15:00Z,109.515,109.81,109.32,109.39
2022-07-18T18:30:00Z,109.39,109.64,109.22,109.22
2022-07-18T18:45:00Z,109.24,109.38,108.73,108.77
2022-07-18T19:00:00Z,108.72,109.34,108.72,109.29
2022-07-18T19:15:00Z,109.24,109.36,108.915,108.915
2022-07-18T19:30:00Z,108.895,108.97,108.6,108.65
2022-07-18T19:45:00Z,108.64,109.25,108.42,109.05
2022-07-18T20:00:00Z,109.16,109.17,108.8,108.8
2022-07-18T20:30:00Z,108.89,108.89,108.89,108.89
2022-07-19T12:15:00Z,109.83,109.83,109.83,109.83
2022-07-19T12:45:00Z,109.95,110.05,109.95,110
2022-07-19T13:00:00Z,109.91,109.91,109.91,109.91
2022-07-19T13:15:00Z,110.41,111.14,110.41,110.83
2022-07-19T13:30:00Z,110.9,111.11,109.66,110.16
2022-07-19T13:45:00Z,110.21,111.39,110.03,111.32
2022-07-19T14:00:00Z,111.33,111.75,111.05,111.43
2022-07-19T14:15:00Z,111.29,111.67,110.86,111.5
2022-07-19T14:30:00Z,111.63,111.85,111.39,111.5
2022-07-19T14:45:00Z,111.61,112.3,111.54,112.13
2022-07-19T15:00:00Z,112.21,112.63,112.08,112.405
2022-07-19T15:15:00Z,112.39,112.5,112.05,112.25
2022-07-19T15:30:00Z,112.24,112.44,111.92,112.19
2022-07-19T15:45:00Z,112.21,112.56,112.05,112.49
2022-07-19T16:00:00Z,112.51,112.64,112.21,112.5
2022-07-19T16:15:00Z,112.4,112.71,112.3,112.7
2022-07-19T16:30:00Z,112.74,112.88,112.62,112.835
2022-07-19T16:45:00Z,112.82,112.97,112.63,112.86
2022-07-19T17:00:00Z,112.76,112.76,112.34,112.4
2022-07-19T17:15:00Z,112.36,112.53,112.03,112.15
2022-07-19T17:30:00Z,112.16,112.63,112.08,112.57
2022-07-19T17:45:00Z,112.54,112.74,112.38,112.61
2022-07-19T18:00:00Z,112.63,113,112.6,112.6
2022-07-19T18:15:00Z,112.6,112.98,112.56,112.84
2022-07-19T18:30:00Z,112.85,112.985,112.63,112.81
2022-07-19T18:45:00Z,112.8,112.99,112.63,112.985
2022-07-19T19:00:00Z,112.99,113.24,112.88,113.06
2022-07-19T19:15:00Z,113.03,113.43,112.99,113.32
2022-07-19T19:30:00Z,113.32,113.685,113.15,113.65
2022-07-19T19:45:00Z,113.65,113.99,113.35,113.84
2022-07-19T20:00:00Z,113.9,114.07,113.9,114.02
2022-07-19T20:15:00Z,114.42,114.42,113.98,114.03
2022-07-19T20:45:00Z,114.1,114.1,114.1,114.1
2022-07-19T21:00:00Z,114.38,114.38,114.38,114.38
2022-07-20T11:00:00Z,113.8,113.8,113.51,113.51
2022-07-20T11:15:00Z,113.59,113.59,113.59,113.59
2022-07-20T12:15:00Z,113.29,113.29,113.29,113.29
2022-07-20T12:30:00Z,113.28,113.28,113.28,113.28
2022-07-20T12:45:00Z,113.36,113.36,113.36,113.36
2022-07-20T13:00:00Z,113.51,113.51,113.51,113.51
2022-07-20T13:15:00Z,113.51,114.12,113.1,113.21
2022-07-20T13:30:00Z,113.17,114.14,112.5,113.61
2022-07-20T13:45:00Z,113.65,114.14,112.93,113.16
2022-07-20T14:00:00Z,113.1,113.22,112.55,113.09
2022-07-20T14:15:00Z,113.09,113.72,112.91,113.54
2022-07-20T14:30:00Z,113.54,113.75,113.2,113.38
2022-07-20T14:45:00Z,113.4,114.415,113.39,114.415
2022-07-20T15:00:00Z,114.4,114.4,114,114.33
2022-07-20T15:15:00Z,114.32,114.93,114.29,114.92
2022-07-20T15:30:00Z,114.905,115.32,114.79,115.19
2022-07-20T15:45:00Z,115.2,115.4,115.06,115.09
2022-07-20T16:00:00Z,115.08,115.33,114.98,115.065
2022-07-20T16:15:00Z,115.19,115.36,114.965,114.98
2022-07-20T16:30:00Z,114.97,115.27,114.3,114.47
2022-07-20T16:45:00Z,114.42,114.88,113.83,114.71
2022-07-20T17:00:00Z,114.68,114.79,113.7,113.9
2022-07-20T17:15:00Z,113.915,114.03,113.5,113.69
2022-07-20T17:30:00Z,113.64,113.92,113.55,113.63
2022-07-20T17:45:00Z,113.61,113.8,113.215,113.35
2022-07-20T18:00:00Z,113.35,113.71,113.34,113.66
2022-07-20T18:15:00Z,113.59,114.16,113.55,114.01
2022-07-20T18:30:00Z,114,114.18,113.96,114.13
2022-07-20T18:45:00Z,114.09,114.215,113.65,113.87
2022-07-20T19:00:00Z,113.87,114.305,113.81,114.04
2022-07-20T19:15:00Z,114.04,114.115,113.9,114.025
2022-07-20T19:30:00Z,114.005,114.04,113.74,114.02
2022-07-20T19:45:00Z,114.01,114.055,113.72,113.88
2022-07-20T20:00:00Z,113.92,114.14,113.77,113.77
2022-07-20T20:15:00Z,113.55,113.55,113.45,113.45
2022-07-20T20:45:00Z,113.38,113.38,113.38,113.38
2022-07-20T21:00:00Z,113.59,113.6,113.59,113.6
2022-07-20T21:15:00Z,113.63,113.75,113.63,113.75
2022-07-21T11:00:00Z,114.15,114.15,114.15,114.15
2022-07-21T12:15:00Z,114,114.49,114,114.41
2022-07-21T12:30:00Z,114.5,114.71,114.5,114.71
2022-07-21T12:45:00Z,114.62,114.62,114.62,114.62
2022-07-21T13:00:00Z,114.68,114.72,114.68,114.72
2022-07-21T13:15:00Z,114.42,114.86,114.32,114.32
2022-07-21T13:30:00Z,114.34,114.34,112.53,112.61
2022-07-21T13:45:00Z,112.56,113.42,112.23,113.06
2022-07-21T14:00:00Z,113.09,113.57,111.6,111.8
2022-07-21T14:15:00Z,111.81,112.33,111.29,111.59
2022-07-21T14:30:00Z,111.58,112.06,111.14,111.87
2022-07-21T14:45:00Z,111.86,112.28,111.77,112.28
2022-07-21T15:00:00Z,112.23,112.58,112.09,112.52
2022-07-21T15:15:00Z,112.59,113.06,112.35,112.91
2022-07-21T15:30:00Z,112.94,113.17,112.72,112.94
2022-07-21T15:45:00Z,112.89,113.12,112.71,113
2022-07-21T16:00:00Z,112.99,113.66,112.99,113.63
2022-07-21T16:15:00Z,113.59,113.69,113.44,113.63
2022-07-21T16:30:00Z,113.61,114.03,113.59,113.88
2022-07-21T16:45:00Z,113.87,114.18,113.79,114.03
2022-07-21T17:00:00Z,114.12,114.24,113.71,113.72
2022-07-21T17:15:00Z,113.66,113.9,113.415,113.72
2022-07-21T17:30:00Z,113.68,113.87,113.36,113.76
2022-07-21T17:45:00Z,113.735,113.75,113.37,113.48
2022-07-21T18:00:00Z,113.59,114.2,113.47,114.18
2022-07-21T18:15:00Z,114.18,114.28,114.06,114.21
2022-07-21T18:30:00Z,114.15,114.41,113.98,114.11
2022-07-21T18:45:00Z,114.14,114.42,114.02,114.2
2022-07-21T19:00:00Z,114.19,114.55,114.19,114.26
2022-07-21T19:15:00Z,114.2,114.28,113.84,114
2022-07-21T19:30:00Z,113.98,114.18,113.89,114.17
2022-07-21T19:45:00Z,114.15,114.35,114.02,114.34
2022-07-21T20:00:00Z,114.41,114.42,111.21,111.47
2022-07-21T20:15:00Z,111.31,111.57,110.82,110.91
2022-07-21T20:30:00Z,111,111.45,111,111.19
2022-07-21T20:45:00Z,111,111,110.9,110.9
2022-07-21T21:00:00Z,110.75,110.75,110.6,110.6
2022-07-21T21:15:00Z,110.85,110.85,110.85,110.85
2022-07-21T22:15:00Z,111.05,111.08,111.05,111.08
2022-07-21T22:30:00Z,111.18,111.2,111.18,111.2
2022-07-21T22:45:00Z,111.19,111.19,111.19,111.19
2022-07-21T23:00:00Z,111.2,111.23,111.2,111.23
2022-07-22T11:00:00Z,111.28,111.28,110.89,110.93
2022-07-22T11:15:00Z,110.99,111,110.88,110.95
2022-07-22T11:30:00Z,111.06,111.21,110.99,111.19
2022-07-22T11:45:00Z,111.24,111.24,110.92,111.22
2022-07-22T12:00:00Z,111.27,111.27,110.85,111.2
2022-07-22T12:15:00Z,111.23,111.74,111.12,111.33
2022-07-22T12:30:00Z,111.35,111.39,111.13,111.18
2022-07-22T12:45:00Z,111.23,111.33,111.05,111.2
2022-07-22T13:00:00Z,111.26,111.46,111.15,111.42
2022-07-22T13:15:00Z,111.46,111.51,110.79,110.86
2022-07-22T13:30:00Z,111,112.32,110.81,111.6
2022-07-22T13:45:00Z,111.6,112.23,111.35,111.46
2022-07-22T14:00:00Z,111.49,111.49,110.8,111.12
2022-07-22T14:15:00Z,111.12,111.3,110.61,110.95
2022-07-22T14:30:00Z,110.94,111.06,110.44,110.54
2022-07-22T14:45:00Z,110.54,110.88,110.39,110.54
2022-07-22T15:00:00Z,110.54,110.62,110.11,110.12
2022-07-22T15:15:00Z,110.15,110.17,109.2,109.22
2022-07-22T15:30:00Z,109.23,109.29,108.16,108.48
2022-07-22T15:45:00Z,108.5,108.64,108.09,108.27
2022-07-22T16:00:00Z,108.25,108.32,107.725,107.86
2022-07-22T16:15:00Z,107.88,107.98,107.46,107.65
2022-07-22T16:30:00Z,107.64,107.98,107.56,107.76
2022-07-22T16:45:00Z,107.75,107.96,107.4,107.4
2022-07-22T17:00:00Z,107.41,107.46,107.15,107.16
2022-07-22T17:15:00Z,107.17,107.39,107.055,107.16
2022-07-22T17:30:00Z,107.15,107.19,106.88,107.17
2022-07-22T17:45:00Z,107.16,107.42,107.04,107.32
2022-07-22T18:00:00Z,107.33,107.38,106.97,107.06
2022-07-22T18:15:00Z,107.07,107.37,107.0699,107.21
2022-07-22T18:30:00Z,107.2,107.35,106.96,107.23
2022-07-22T18:45:00Z,107.24,107.83,107.23,107.77
2022-07-22T19:00:00Z,107.76,108.08,107.55,108.08
2022-07-22T19:15:00Z,108.07,108.35,107.97,108.26
2022-07-22T19:30:00Z,108.27,108.31,107.5,107.545
2022-07-22T19:45:00Z,107.54,107.93,107.27,107.89
2022-07-22T20:00:00Z,107.9,107.95,107.8,107.95
2022-07-22T20:15:00Z,107.94,108.05,107.94,108.05
2022-07-22T20:30:00Z,108.05,108.06,108,108.02
2022-07-22T20:45:00Z,108.02,108.06,108,108.06
2022-07-22T21:00:00Z,108.04,108.04,108.01,108.01
2022-07-22T21:15:00Z,108,108,107.98,107.98
2022-07-22T21:30:00Z,107.96,107.97,107.96,107.97
2022-07-22T21:45:00Z,107.96,107.97,107.96,107.96
2022-07-25T11:00:00Z,108.76,108.76,108.43,108.58
2022-07-25T11:15:00Z,108.62,108.87,108.62,108.7
2022-07-25T11:30:00Z,108.75,108.86,108.65,108.65
2022-07-25T11:45:00Z,108.63,108.74,108.61,108.69
2022-07-25T12:00:00Z,108.69,108.72,108.66,108.66
2022-07-25T12:15:00Z,108.65,108.81,108.52,108.66
2022-07-25T12:30:00Z,108.66,108.66,108.23,108.38
2022-07-25T12:45:00Z,108.39,108.41,108.19,108.39
2022-07-25T13:00:00Z,108.38,108.43,108.06,108.23
2022-07-25T13:15:00Z,108.12,108.7,108.11,108.34
2022-07-25T13:30:00Z,108.39,109.87,108.3,109.32
2022-07-25T13:45:00Z,109.23,109.5,108.8,109.09
2022-07-25T14:00:00Z,109.07,109.34,108.63,108.63
2022-07-25T14:15:00Z,108.6,108.65,107.66,107.99
2022-07-25T14:30:00Z,107.96,108.26,107.85,108.07
2022-07-25T14:45:00Z,108.08,108.19,107.8,107.95
2022-07-25T15:00:00Z,107.9,108.03,107.41,107.45
2022-07-25T15:15:00Z,107.43,107.82,107.3,107.73
2022-07-25T15:30:00Z,107.75,107.93,107.27,107.37
2022-07-25T15:45:00Z,107.38,107.55,106.88,107.01
2022-07-25T16:00:00Z,107.03,107.49,106.835,107.3
2022-07-25T16:15:00Z,107.31,107.65,107.21,107.64
2022-07-25T16:30:00Z,107.63,107.86,107.59,107.72
2022-07-25T16:45:00Z,107.77,107.96,107.73,107.81
2022-07-25T17:00:00Z,107.82,107.89,107.42,107.44
2022-07-25T17:15:00Z,107.43,107.45,107.04,107.105
2022-07-25T17:30:00Z,107.11,107.17,106.87,106.94
2022-07-25T17:45:00Z,106.94,107.01,106.75,106.81
2022-07-25T18:00:00Z,106.8,107,106.75,106.98
2022-07-25T18:15:00Z,106.97,107.01,106.81,106.95
2022-07-25T18:30:00Z,106.94,107.11,106.85,107.02
2022-07-25T18:45:00Z,107.02,107.02,106.56,106.64
2022-07-25T19:00:00Z,106.63,106.81,106.46,106.57
2022-07-25T19:15:00Z,106.56,106.73,106.47,106.47
2022-07-25T19:30:00Z,106.47,106.79,106.31,106.79
2022-07-25T19:45:00Z,106.74,107.6,106.65,107.55
2022-07-25T20:00:00Z,107.51,107.6,107.35,107.51
2022-07-25T20:15:00Z,107.56,107.64,107,107
2022-07-25T20:30:00Z,107.08,107.41,107,107.41
2022-07-25T20:45:00Z,107.4,107.55,107.32,107.43
2022-07-25T21:00:00Z,107.48,107.56,107.4,107.45
2022-07-25T21:15:00Z,107.31,107.39,107.3,107.31
2022-07-25T21:30:00Z,107.27,107.27,107,107.06
2022-07-25T21:45:00Z,107.09,107.15,107,107.15
2022-07-25T22:15:00Z,107.15,107.15,107.15,107.15
2022-07-25T22:30:00Z,106.97,107.03,106.97,106.99
2022-07-25T22:45:00Z,107.04,107.04,106.98,106.98
2022-07-26T11:00:00Z,107.13,107.13,106.94,106.94
2022-07-26T11:15:00Z,107,107.14,106.97,107.09
2022-07-26T11:30:00Z,107.13,107.18,107.13,107.15
2022-07-26T11:45:00Z,107.17,107.26,107,107
2022-07-26T12:00:00Z,107.01,107.2,107.01,107.16
2022-07-26T12:15:00Z,107.12,107.2,107.06,107.2
2022-07-26T12:30:00Z,107.24,107.33,107.1,107.17
2022-07-26T12:45:00Z,107.16,107.16,106.4,106.85
2022-07-26T13:00:00Z,106.71,107.24,106.5,106.75
2022-07-26T13:15:00Z,106.84,107.17,106.3,106.59
2022-07-26T13:30:00Z,106.6,106.65,105.11,106.04
2022-07-26T13:45:00Z,106.03,106.65,105.68,106.49
2022-07-26T14:00:00Z,106.5,107.19,106.2,106.92
2022-07-26T14:15:00Z,106.92,107.14,106.24,106.28
2022-07-26T14:30:00Z,106.26,106.36,106.04,106.11
2022-07-26T14:45:00Z,106.11,106.37,105.88,105.93
2022-07-26T15:00:00Z,105.94,105.97,105.38,105.95
2022-07-26T15:15:00Z,105.96,106.09,105.49,105.52
2022-07-26T15:30:00Z,105.51,105.72,105.39,105.49
2022-07-26T15:45:00Z,105.49,105.53,105.21,105.22
2022-07-26T16:00:00Z,105.21,105.3,105.01,105.09
2022-07-26T16:15:00Z,105.1,105.2,104.79,105.04
2022-07-26T16:30:00Z,105.05,105.245,105.03,105.1
2022-07-26T16:45:00Z,105.1,105.2,105.03,105.09
2022-07-26T17:00:00Z,105.095,105.22,104.97,104.99
2022-07-26T17:15:00Z,105,105.09,104.84,105.07
2022-07-26T17:30:00Z,105.06,105.135,104.82,104.96
2022-07-26T17:45:00Z,104.97,104.97,104.64,104.64
2022-07-26T18:00:00Z,104.66,104.97,104.58,104.62
2022-07-26T18:15:00Z,104.61,104.64,104.2,104.215
2022-07-26T18:30:00Z,104.21,104.67,104.07,104.62
2022-07-26T18:45:00Z,104.61,105.08,104.55,105.01
2022-07-26T19:00:00Z,105.01,105.08,104.77,104.96
2022-07-26T19:15:00Z,104.96,105.22,104.79,104.93
2022-07-26T19:30:00Z,104.92,104.94,104.72,104.81
2022-07-26T19:45:00Z,104.81,105.22,104.55,104.87
2022-07-26T20:00:00Z,104.93,109.73,103.5,107.75
2022-07-26T20:15:00Z,107.8,108.65,107.08,107.7
2022-07-26T20:30:00Z,107.6,108.5,107.32,107.79
2022-07-26T20:45:00Z,107.79,109,107.79,108.75
2022-07-26T21:00:00Z,108.67,108.7,107.66,107.84
2022-07-26T21:15:00Z,107.89,109,106.9,107.76
2022-07-26T21:30:00Z,107.97,108.79,107.62,108.67
2022-07-26T21:45:00Z,108.62,110.17,108.42,110.15
2022-07-26T22:00:00Z,110.21,111,110.21,110.75
2022-07-26T22:15:00Z,110.75,110.86,110.29,110.61
2022-07-26T22:30:00Z,110.61,110.61,109.54,109.88
2022-07-26T22:45:00Z,110.08,110.08,109.25,109.51
2022-07-27T11:00:00Z,109.1,109.29,108.28,109.18
2022-07-27T11:15:00Z,109,109.18,108.68,108.99
2022-07-27T11:30:00Z,108.88,109.24,108.77,109.08
2022-07-27T11:45:00Z,109.05,109.2,108.73,109.12
2022-07-27T12:00:00Z,109.01,109.44,109.01,109.44
2022-07-27T12:15:00Z,109.43,109.75,109.08,109.15
2022-07-27T12:30:00Z,109.11,109.28,108.47,108.76
2022-07-27T12:45:00Z,108.83,109.2,108.58,109.13
2022-07-27T13:00:00Z,109.19,109.3,108.76,108.97
2022-07-27T13:15:00Z,108.98,110,108.9,109.26
2022-07-27T13:30:00Z,109.26,110.92,108.01,110.87
2022-07-27T13:45:00Z,110.9,111.11,109.97,110.22
2022-07-27T14:00:00Z,110.21,111.23,110.21,110.91
2022-07-27T14:15:00Z,110.92,110.94,109.76,110
2022-07-27T14:30:00Z,110.01,110.68,109.89,110.58
2022-07-27T14:45:00Z,110.55,110.98,110.54,110.81
2022-07-27T15:00:00Z,110.83,111.55,110.8,111.43
2022-07-27T15:15:00Z,111.41,111.7,111.22,111.66
2022-07-27T15:30:00Z,111.68,112.08,111.55,112
2022-07-27T15:45:00Z,111.98,112.66,111.88,112.375
2022-07-27T16:00:00Z,112.38,113.17,112.28,112.58
2022-07-27T16:15:00Z,112.57,112.58,112.3,112.41
2022-07-27T16:30:00Z,112.41,112.72,112.14,112.22
2022-07-27T16:45:00Z,112.21,112.24,111.76,111.95
2022-07-27T17:00:00Z,111.95,112.14,111.72,112.12
2022-07-27T17:15:00Z,112.105,112.21,111.96,112.12
2022-07-27T17:30:00Z,112.14,112.17,111.92,111.92
2022-07-27T17:45:00Z,111.92,112.05,111.58,111.73
2022-07-27T18:00:00Z,111.75,112.48,111.58,111.92
2022-07-27T18:15:00Z,111.92,112.3,111.92,112.25
2022-07-27T18:30:00Z,112.25,113.7,111.79,113.68
2022-07-27T18:45:00Z,113.72,113.9,113.05,113.07
2022-07-27T19:00:00Z,113.1,113.58,112.85,112.93
2022-07-27T19:15:00Z,112.95,113.78,112.87,113.78
2022-07-27T19:30:00Z,113.8,113.81,113.54,113.55
2022-07-27T19:45:00Z,113.55,113.59,112.93,112.98
2022-07-27T20:00:00Z,113.03,113.04,111.96,112.19
2022-07-27T20:15:00Z,112.05,112.86,112.05,112.56
2022-07-27T20:30:00Z,112.75,112.8,112.6,112.8
2022-07-27T20:45:00Z,112.63,112.83,112.59,112.83
2022-07-27T21:00:00Z,112.72,112.72,112.05,112.59
2022-07-27T21:15:00Z,112.51,112.59,112.36,112.59
2022-07-27T21:30:00Z,112.46,112.46,112.31,112.31
2022-07-27T21:45:00Z,112.5,112.52,112.5,112.52
2022-07-27T22:15:00Z,112.4,112.46,112.4,112.46
2022-07-27T22:30:00Z,112.4,112.45,112.4,112.45
2022-07-27T22:45:00Z,112.39,112.45,112.39,112.45
2022-07-28T11:00:00Z,111.81,112.3,111.8,112.3
2022-07-28T11:15:00Z,112.29,112.33,112.21,112.21
2022-07-28T11:30:00Z,112.2,112.23,112.1,112.13
2022-07-28T11:45:00Z,112.05,112.23,112.05,112.23
2022-07-28T12:00:00Z,112.18,112.18,112,112.07
2022-07-28T12:15:00Z,112.1,112.22,112.04,112.08
2022-07-28T12:30:00Z,112.12,112.64,111.7,112.64
2022-07-28T12:45:00Z,112.58,112.9,112.25,112.33
2022-07-28T13:00:00Z,112.46,112.6,112.37,112.51
2022-07-28T13:15:00Z,112.55,112.8,112.19,112.39
2022-07-28T13:30:00Z,112.355,113.52,112.2,112.74
2022-07-28T13:45:00Z,112.77,112.79,111.71,112.24
2022-07-28T14:00:00Z,112.28,112.65,111.49,111.79
2022-07-28T14:15:00Z,111.77,112.2,111.68,112.01
2022-07-28T14:30:00Z,112,112.25,111.6,111.79
2022-07-28T14:45:00Z,111.8,112.6,111.66,112.6
2022-07-28T15:00:00Z,112.59,113.43,112.56,113.43
2022-07-28T15:15:00Z,113.44,113.73,113.18,113.65
2022-07-28T15:30:00Z,113.66,113.72,113.08,113.49
2022-07-28T15:45:00Z,113.48,113.85,113.26,113.32
2022-07-28T16:00:00Z,113.33,113.51,113.17,113.21
2022-07-28T16:15:00Z,113.2,113.34,112.88,113.19
2022-07-28T16:30:00Z,113.22,113.27,112.95,113
2022-07-28T16:45:00Z,113.01,113.18,112.84,112.84
2022-07-28T17:00:00Z,112.86,113.17,112.64,113.14
2022-07-28T17:15:00Z,113.13,113.29,112.965,113.27
2022-07-28T17:30:00Z,113.27,113.71,113.22,113.6
2022-07-28T17:45:00Z,113.6,113.87,113.58,113.71
2022-07-28T18:00:00Z,113.72,113.72,113.27,113.38
2022-07-28T18:15:00Z,113.39,113.605,113.38,113.54
2022-07-28T18:30:00Z,113.54,113.85,113.5,113.74
2022-07-28T18:45:00Z,113.75,114.02,113.7,114.01
2022-07-28T19:00:00Z,114.01,114.29,113.86,114.04
2022-07-28T19:15:00Z,114.07,114.22,113.88,114.19
2022-07-28T19:30:00Z,114.2,114.23,114.01,114.13
2022-07-28T19:45:00Z,114.12,114.34,113.93,114.25
2022-07-28T20:00:00Z,114.21,114.96,114.01,114.3
2022-07-28T20:15:00Z,114.32,114.68,114.22,114.68
2022-07-28T20:30:00Z,114.82,115.49,114.82,115.25
2022-07-28T20:45:00Z,115.35,115.49,115.21,115.28
2022-07-28T21:00:00Z,115.4,115.69,115.4,115.53
2022-07-28T21:15:00Z,115.53,115.53,115.34,115.35
2022-07-28T21:30:00Z,115.32,115.34,115.32,115.34
2022-07-28T21:45:00Z,115.32,115.5,115.32,115.4
2022-07-28T22:15:00Z,114.86,114.86,114.86,114.86
2022-07-29T11:00:00Z,115.21,115.21,115,115
2022-07-29T11:15:00Z,115,115,114.81,114.87
2022-07-29T11:30:00Z,114.8,114.82,114.61,114.61
2022-07-29T11:45:00Z,114.77,114.82,114.6,114.6
2022-07-29T12:00:00Z,114.63,114.76,114.58,114.65
2022-07-29T12:15:00Z,114.61,114.61,114.2,114.28
2022-07-29T12:30:00Z,114.26,114.26,113.93,113.94
2022-07-29T12:45:00Z,114,114.35,113.95,114.35
2022-07-29T13:00:00Z,114.35,114.38,113.65,113.77
2022-07-29T13:15:00Z,113.81,114.18,112.88,113
2022-07-29T13:30:00Z,112.95,114.9,112.95,114.74
2022-07-29T13:45:00Z,114.74,115.1,114.5,114.54
2022-07-29T14:00:00Z,114.56,114.84,114.5,114.69
2022-07-29T14:15:00Z,114.7,115.24,114.51,115.12
2022-07-29T14:30:00Z,115.12,115.25,114.72,115.11
2022-07-29T14:45:00Z,115.125,115.125,114.3,114.315
2022-07-29T15:00:00Z,114.28,114.31,113.8,114.04
2022-07-29T15:15:00Z,114.01,114.1,113.68,113.84
2022-07-29T15:30:00Z,113.81,114.52,113.73,114.44
2022-07-29T15:45:00Z,114.45,114.74,114.36,114.63
2022-07-29T16:00:00Z,114.64,114.86,114.47,114.48
2022-07-29T16:15:00Z,114.48,114.74,114.47,114.61
2022-07-29T16:30:00Z,114.61,114.73,114.37,114.71
2022-07-29T16:45:00Z,114.7,115.09,114.65,115.05
2022-07-29T17:00:00Z,115.03,115.22,114.95,115.19
2022-07-29T17:15:00Z,115.2,115.4,115.13,115.28
2022-07-29T17:30:00Z,115.29,115.7,115.28,115.68
2022-07-29T17:45:00Z,115.68,115.81,115.52,115.53
2022-07-29T18:00:00Z,115.54,115.75,115.36,115.58
2022-07-29T18:15:00Z,115.57,115.97,115.52,115.93
2022-07-29T18:30:00Z,115.92,116.13,115.84,115.95
2022-07-29T18:45:00Z,115.95,116.19,115.92,116.19
2022-07-29T19:00:00Z,116.17,116.38,116.16,116.31
2022-07-29T19:15:00Z,116.33,116.57,116.22,116.56
2022-07-29T19:30:00Z,116.57,116.7,116.36,116.505
2022-07-29T19:45:00Z,116.5,116.65,116.02,116.34
2022-07-29T20:00:00Z,116.35,116.39,116.1,116.21
2022-07-29T20:15:00Z,116.23,116.32,116.23,116.26
2022-07-29T20:30:00Z,116.26,116.3,116.21,116.21
2022-07-29T20:45:00Z,116.22,116.25,116.17,116.25
2022-07-29T21:00:00Z,116.23,116.26,116.23,116.26
2022-07-29T21:15:00Z,116.25,116.25,116.25,116.25
2022-07-29T21:30:00Z,116.12,116.18,116.1,116.18
2022-07-29T21:45:00Z,116.2,116.22,116.09,116.09